No,ProblemId,Title,AuthorId,TesterId,Level,ProblemType,Tags,Date
1,17,道のショートカット,10,0,3,0,動的計画法,2014-07-23
2,18,素因数ゲーム,10,0,3,0,"素因数分解,Nim",2014-07-23
3,11,ビットすごろく,10,0,2,0,幅優先探索,2014-07-24
4,19,おもりと天秤,10,0,2.5,0,動的計画法,2014-07-24
5,14,数字のブロック,10,0,1,0,貪欲法,2014-07-26
6,24,使いものにならないハッシュ,10,0,3,0,"しゃくとり法,素数列挙",2014-07-26
7,25,プライムナンバーゲーム,10,0,2,0,"深さ優先探索,メモ化再帰,ゲーム",2014-07-27
8,26,N言っちゃダメゲーム,10,0,2,0,"発想,動的計画法,メモ化再帰",2014-07-29
9,28,モンスターのレベル上げ,10,0,3,0,優先度付きキュー,2014-07-31
10,29,＋か×か,10,0,4,0,"動的計画法,メモ化再帰,バックトラック",2014-08-03
11,30,カードマッチ,10,0,2,0,包除原理,2014-08-05
12,34,限定された素数,25,0,3,0,素数判定,2014-08-07
13,37,囲みたい！,10,0,3,0,"幅優先探索,閉路検出",2014-08-10
14,38,最小公倍数ソート,10,0,4,0,最小公倍数,2014-08-14
15,39,カタログショッピング,4,0,4,0,半分全列挙,2014-08-17
16,42,累乗の加算,10,0,2,0,"繰り返し二乗法,フェルマーの小定理",2014-08-21
17,61,2つの地点に泊まりたい,25,0,3,0,"ワーシャルフロイド,全探索",2014-08-24
18,59,うーさー暗号,4,0,1,0,"実装,文字列処理",2014-08-26
19,62,ステージの選択,10,0,4,0,"union-find,幅優先探索,閉路検出,強連結成分分解",2014-08-28
20,64,砂漠のオアシス,4,0,3,0,"ダイクストラ法,SPFA",2014-08-31
21,67,平均の差,23,0,1,0,,2014-09-02
22,68,括弧の対応,10,0,1.5,0,文字列処理,2014-09-04
23,33,技の選択,25,0,3,0,動的計画法,2014-09-07
24,69,数当てゲーム,4,0,1,0,ゲーム,2014-09-09
25,70,有限小数,10,0,3,0,"約分,最大公約数,素因数分解",2014-09-11
26,74,シャッフルゲーム,4,0,1,0,ゲーム,2014-09-16
27,32,板の準備,25,0,3,0,"全探索,動的計画法",2014-09-18
28,9,末尾最適化,23,0,4,0,"素因数分解,貪欲法",2014-09-21
29,1,パワーアップ,10,0,1,0,貪欲法,2020-02-21
30,2,たこやき工場,4,0,3,0,"深さ優先探索,メモ化再帰",2014-09-25
31,3,悪のミックスジュース,8,0,4,0,"動的計画法,貪欲法,鳩ノ巣原理",2014-09-28
32,5,貯金箱の憂鬱,4,0,1,0,貪欲法,2014-09-30
33,6,アメーバがたくさん,25,0,3,0,範囲結合,2014-10-02
34,15,砂漠の行商人,4,0,3,0,"ダイクストラ法,SPFA,動的計画法",2014-10-05
35,4,タイパー高橋,8,0,1,0,"整数計算,文字列処理",2014-10-07
36,27,素数が嫌い！,20,0,2,0,素因数分解,2014-10-07
37,63,遊園地のアトラクション,10,0,3,0,動的計画法,2014-10-09
38,31,赤青白ブロック,25,0,3,0,"全探索,枝刈り,深さ優先探索,バックトラック",2014-10-12
39,36,桁の数字を入れ替え,25,0,2,0,全探索,2014-10-14
40,60,多項式の割り算,23,0,2,0,"数学,多項式",2014-10-14
41,40,貯金箱の溜息（EASY）,8,0,3,0,"動的計画法,座標圧縮",2014-10-16
42,22,貯金箱の溜息,8,0,5,0,"動的計画法,多項式補間",2014-10-16
43,8,野球の試合,25,0,2,0,"実装,全探索",2014-10-19
44,76,DPなすごろく,10,0,2,0,動的計画法,2014-10-20
45,78,回転寿司,10,0,2,0,動的計画法,2014-10-20
46,43,はじめのn歩,25,0,1,0,実装,2014-10-21
47,89,ポケットを叩くとビスケットが２倍,10,0,1.5,0,発想,2014-10-21
48,75,ロボットの操縦,4,0,1,0,場合分け,2014-10-23
49,87,算数の宿題,4,0,2,0,"構文解析,整数計算",2014-10-23
50,81,おもちゃ箱,25,0,3,0,"順列全探索,bitDP",2014-10-26
51,100,やる気の問題,10,0,1.5,0,実装,2014-10-28
52,10,よくある文字列の問題,25,0,2,0,"文字列処理,全探索,深さ優先探索",2014-10-28
53,80,悪の漸化式,8,0,3,0,"数学,漸化式",2014-10-30
54,41,Happy Hallowe'en,4,0,4,0,動的計画法,2014-10-30
55,83,正方形を描くだけの簡単なお仕事です。,25,10,2,0,"幾何,正方形判定,全探索",2014-11-03
56,111,消費税,25,0,1,0,算数,2014-11-04
57,82,ミリオンダイス,25,0,1.5,0,期待値,2014-11-04
58,79,イカサマなサイコロ,4,0,2,0,"確率,動的計画法,モンテカルロ法",2014-11-04
59,98,鉄道の旅,25,0,3,0,"BIT,セグメント木",2014-11-06
60,123,魔法少女,23,0,3,0,二次元Imos法,2014-11-09
61,113,リベリオン,23,0,3,0,シミュレーション,2014-11-09
62,132,リベリオン(Extra),23,0,5,0,数学,2014-11-10
63,134,ポッキーゲーム,27,0,1,0,"発想,算数",2014-11-11
64,119,XORフィボナッチ数列,72,0,1.5,0,"ビット演算,漸化式",2014-11-11
65,84,回数の期待値の練習,25,0,2,0,期待値,2014-11-13
66,93,輝け☆全国たこやき杯,4,0,3,0,"動的計画法,確率",2014-11-13
67,145,よくある棒を切る問題 (1),8,0,3,0,"二分探索,貪欲法",2014-11-16
68,146,よくある棒を切る問題 (2),8,0,4,0,優先度付きキュー,2014-11-16
69,35,文字を自由に並び替え,25,0,1,0,文字列,2014-11-18
70,126,睡眠の重要性！,4,0,1,0,実装,2014-11-18
71,140,そろばん,10,0,2,0,全探索,2014-11-18
72,162,そろばん Med,10,0,2,0,"数学,二次関数,多倍長計算,Mod",2014-11-18
73,144,helloworld,120,0,2,0,組合せ,2014-11-20
74,127,貯金箱の退屈,23,0,3,0,"数学,グラフ",2014-11-20
75,129,回数の期待値の問題,25,0,3,0,"期待値,二分探索",2014-11-23
76,154,回数の期待値で練習,8,0,3,0,"数学,確率,期待値,二分探索,動的計画法",2014-11-23
77,186,レンガのピラミッド,10,0,2,0,全探索,2014-11-25
78,152,クジ付きアイスバー,25,0,2.5,0,周期性,2014-11-25
79,202,過小評価ダメ・ゼッタイ,27,0,1,0,最頻値,2014-11-27
80,203,四角形を描こう,25,0,2,0,"図形,二次関数,全探索",2014-11-27
81,124,すべて足すだけの簡単なお仕事です。,4,0,2.5,0,"構文解析,精度落ち",2014-11-27
82,201,市松模様,25,0,1,0,実装,2014-12-02
83,196,最大マッチング,72,0,1.5,0,発想,2014-12-02
84,166,悪の算盤,8,0,2,0,"算数,考察",2014-12-02
85,156,TVザッピング(1),90,0,2,0,巡回路,2014-12-04
86,195,TVザッピング(2),90,0,4,0,"巡回路,幾何",2014-12-04
87,218,Advent Calendar Problem,10,0,2.5,0,"うるう年,周期性",2014-12-07
88,148,次はどっちだ,125,0,1.5,0,発想,2014-12-07
89,179,どんどんドーナツどーんといこう！,30,0,1.5,0,円環体,2014-12-07
90,209,品物の並び替え,77,0,2,0,"全探索,全列挙",2014-12-07
91,200,赤、緑、青の石,25,0,2,0,"全探索,二分探索",2014-12-07
92,149,逃走経路,72,0,2,0,"グラフ,動的計画法",2014-12-07
93,101,ペガサス,23,0,5,0,挿入DP,2014-12-07
94,103,圏外です。(EASY),4,0,3,0,"union-find,幅優先探索,幾何",2014-12-07
95,23,Alice and Graph,8,0,4,0,"辞書順最小,bitDP,巡回セールスマン問題",2014-12-07
96,115,圏外です。,4,0,4,0,"union-find,幅優先探索,バケット法,凸包,幾何",2014-12-07
97,105,最大の値を求めるくえり,2,0,4,0,"剰余演算,ランダム性",2014-12-07
98,224,円を描こう,25,0,1.5,0,"全探索,幾何",2014-12-09
99,191,ジャンピング駒,8,0,1.5,0,"発想,保存量",2014-12-09
100,178,直列あみだくじ,72,0,4,0,"置換,巡回群",2014-12-11
101,213,ぐるぐる！あみだくじ！,123,0,3,0,"最小公倍数,置換,巡回群",2014-12-11
102,116,トランプを奪え,58,0,3,0,Nim,2014-12-14
103,187,素因数ゲーム リターンズ,10,0,3,0,Grundy数,2014-12-14
104,176,国道,25,0,1,0,実装,2014-12-16
105,198,arcの六角ボルト,8,0,2.5,0,"幾何,発想,誤差",2014-12-16
106,158,素数が嫌い！2,20,0,2,0,素因数分解,2014-12-18
107,102,モンスター,25,0,3,0,bitDP,2014-12-18
108,121,トリプルカードコンプ,72,0,3,0,"期待値,動的計画法",2014-12-21
109,120,N! mod M,2,0,4,0,"数学,逆元,ウィルソンの定理",2014-12-21
110,265,しましまピラミッド,25,0,2,0,"全探索,貪欲法,動的計画法",2014-12-23
111,246,あばばばば,123,0,1.5,0,"回文,等差数列",2014-12-23
112,253,ややこしい鶴亀算,72,0,1.5,0,"発想,全探索",2014-12-23
113,278,宝探し,25,0,1,0,"シミュレーション,ユークリッド距離",2014-12-28
114,114,遠い未来,98,0,5,0,"steiner-tree,場合分け",2014-12-28
115,205,遠足のおやつ,23,0,2,0,"貪欲法,動的計画法",2014-12-28
116,220,門松列(1),10,0,1,0,"門松列,実装",2015-01-04
117,184,組み合わせの数,8,0,3,0,"数学,組合せ,逆元,フェルマーの小定理,拡張ユークリッド互除法",2015-01-04
118,221,門松列(2),10,0,2,0,"門松列,数え上げ",2015-01-06
119,7,旅行のツアーの問題,25,0,4,0,最小カット,2015-01-06
120,291,傾向と対策：門松列（その１）,8,0,2,0,"門松列,貪欲法,シミュレーション",2015-01-08
121,292,傾向と対策：門松列（その２）,8,0,4,0,"門松列,数え上げ,BIT",2015-01-08
122,298,傾向と対策：門松列（その３）,8,0,4,0,"門松列,累積和,動的計画法,全探索",2015-01-08
123,284,カードシャッフル,25,0,1.5,0,実装,2015-01-11
124,222,門松列(3),10,0,3,0,"門松列,幅優先探索,SPFA,ダイクストラ法",2015-01-11
125,167,悪の花弁,8,0,4,0,Polyaの定理,2015-01-11
126,219,2基のエレベータ,10,0,2,0,"場合分け,考察",2015-01-13
127,293,門松もどき,23,0,4,0,"門松列,動的計画法",2015-01-13
128,130,お年玉(1),10,0,1,0,実装,2015-01-16
129,143,お年玉(2),10,0,2.5,0,"組合せ,パスカルの三角形,動的計画法,多倍長整数",2015-01-16
130,282,XOR Minimax,72,0,3,0,"ビット演算,分割統治法",2015-01-16
131,310,マンハッタン距離,208,0,2,0,"マンハッタン距離,格子点",2015-01-20
132,147,点と平面との距離,8,0,3,0,幾何,2015-01-20
133,199,カードゲーム,25,0,2,0,"順列,モンテカルロ法",2015-01-22
134,273,走れ！サブロー君,4,0,3,0,"bitDP,マンハッタン距離",2015-01-22
135,135,とりあえず1次元の問題,10,0,1,0,ソート,2015-01-25
136,254,Yet Another GCD Problem,2,0,2,0,整数論,2015-01-25
137,192,貯金箱の焦り,174,0,5,0,動的計画法,2015-01-25
138,341,化石のバージョン,10,0,1,0,辞書列順,2015-01-29
139,250,交差点,90,0,2.5,0,実装,2015-01-29
140,251,みんなで旅行,90,0,3,0,組合せ,2015-01-29
141,228,魔法少女コバ,209,0,2,0,数論,2015-02-01
142,206,単なる配列の操作に関する実装問題,8,0,4,0,"実装,ビット並列",2015-02-01
143,361,豆,8,0,1,0,貪欲法,2015-02-05
144,242,エラトステネスのざる,72,0,2,0,"エラトステネスのふるい,期待値",2015-02-05
145,236,yukiover,72,0,3,0,"辞書順,貪欲法",2015-02-05
146,369,試験監督（1）,8,0,1.5,0,算数,2015-02-08
147,370,試験監督（2）,8,0,3,0,"フィボナッチ,行列累乗,繰り返し二乗法,数え上げ,フェルマーの小定理",2015-02-08
148,371,試験監督（3）,8,0,4,0,"数え上げ,埋め込み",2015-02-08
149,295,碁石の移動,25,0,1.5,0,貪欲法,2015-02-12
150,344,"""良問""(良問とは言っていない",108,0,2,0,"全探索,ハミング距離",2015-02-12
151,383,セグメントフィッシング,120,0,4,0,"BIT,平衡二分探索木",2015-02-12
152,257,貯金箱の消失,4,0,2.5,0,"数学,ピタゴラス数",2015-02-15
153,13,石の山,25,0,3,0,Grundy数,2015-02-15
154,372,市バス,8,0,2.5,0,"実装,累積和,貪欲法,アドホック",2015-02-17
155,183,生放送とBGM,8,0,4,0,"期待値,動的計画法,戻すDP",2015-02-17
156,307,キャンディー・ボックス,25,0,1,0,貪欲法,2015-02-26
157,233,2つの空洞,25,0,2,0,"総当り,深さ優先探索,幅優先探索",2015-02-26
158,125,奇妙なお使い,25,0,3,0,動的計画法,2015-02-26
159,405,刺さらないUSB,210,0,1.5,0,"実装,確率",2015-03-01
160,417,最短経路のうち辞書順最小,210,0,3,0,"グラフ,最短経路,経路復元,ダイクストラ法",2015-03-01
161,252,制限ジャンケン,90,0,2,0,貪欲法,2015-03-05
162,281,8020運動,90,0,4,0,メモ化再帰,2015-03-05
163,339,cAPSlOCK,10,0,1,0,文字列処理,2015-03-12
164,317,ちっちゃくないよ！！,4,0,2,0,位取り記数法,2015-03-12
165,264,四角で囲え！,25,0,3,0,"片側全探索,しゃくとり法",2015-03-12
166,380,マス埋めゲーム,208,0,1.5,0,剰余,2015-03-19
167,373,N^M mod 10,208,0,2,0,"整数論,剰余",2015-03-19
168,296,ものさし,25,0,3,0,"クラスカル法,二分探索,union-find,幅優先探索",2015-03-19
169,340,何分かかるの！？,10,0,1,0,算数,2015-03-22
170,409,スワップ文字列(Easy),4,0,2,0,"文字列処理,順列",2015-03-22
171,414,スワップ文字列(Med),4,0,3,0,"文字列処理,組合せ",2015-03-22
172,388,UFOを捕まえろ,137,0,1.5,0,"幾何,数学",2015-03-26
173,325,カードゲーム（Medium）,8,0,3,0,"モンテカルロ法,シミュレーション",2015-03-26
174,326,カードゲーム（Hard）,8,0,4,0,"bitDP,期待値",2015-03-26
175,415,simpleDNA,25,0,1.5,0,算数,2015-04-02
176,457,2種類の切手,385,0,3,0,数学,2015-04-02
177,177,制作進行の宮森あおいです！,30,0,4,0,最小カット,2015-04-02
178,424,美しいWhitespace (1),210,0,1.5,0,"実装,探索",2015-04-05
179,454,塗り分け,210,0,2,0,"全探索,貪欲法",2015-04-05
180,425,美しいWhitespace (2),210,0,3,0,"二分探索,三分探索",2015-04-05
181,472,A↑↑N mod M,210,0,4,0,"数学,Mod,周期性",2015-04-05
182,485,新規性の虜,333,0,1.5,0,ハッシュテーブル,2015-04-16
183,470,たのしい排他的論理和(EASY),333,0,2,0,動的計画法,2015-04-16
184,481,たのしい排他的論理和(HARD),333,0,3,0,"数学,貪欲法",2015-04-16
185,446,和風,8,10,1,0,実装,2015-04-19
186,447,中華風 (Easy),8,0,3,0,"全探索,算数,中華風剰余定理",2015-04-19
187,448,中華風 (Hard),8,0,4,0,"中華風剰余定理,Garner",2015-04-19
188,492,HAPPY DAY,333,0,1,0,"埋め込み,全探索",2015-04-22
189,493,SUPER HAPPY DAY,333,0,3,0,"動的計画法,桁DP",2015-04-22
190,499,Dry Wet Moist,333,0,3,0,"ソート,貪欲法,しゃくとり法",2015-04-22
191,502,供託金,27,10,1,0,和,2015-04-26
192,391,合成数,217,0,1.5,0,"算数,約数,全探索",2015-04-26
193,461,筒の数式,208,0,2,0,全探索,2015-04-26
194,381,フィボナッチ数列の理解(1),90,0,3.5,0,"累積和,行列累乗",2015-04-26
195,382,フィボナッチ数列の理解(2),90,0,4,0,連立方程式,2015-04-26
196,234,典型DP (1),217,0,4,0,"動的計画法,木",2015-04-26
197,432,手品,25,0,2,0,場合分け,2015-04-28
198,428,キャンディー・ボックス２,25,0,2,0,"算数,三分探索",2015-04-28
199,433,星を描こう,25,0,3,0,"幾何,凸包",2015-04-28
200,297,カードファイト！,25,0,4,0,"最小費用流,貪欲法",2015-04-28
201,436,yukicoderじゃんけん,123,0,1.5,0,実装,2015-05-03
202,476,1円玉投げ,385,0,3,0,"幾何,バケット法,二分探索",2015-05-03
203,526,ゴールデン・ウィーク(1),10,0,1,0,数え上げ,2015-05-08
204,490,ゴールデン・ウィーク(2),10,0,2,0,"全探索,読解",2015-05-08
205,412,マージして辞書順最小,398,0,3,0,"文字列処理,貪欲法",2015-05-08
206,440,数の積集合を求めるクエリ,108,0,3,0,"ビット演算,畳み込み,FFT",2015-05-08
207,560,世界のなんとか,661,0,1,0,算数,2015-05-15
208,487,王将,208,0,2,0,チェビシェフ距離,2015-05-15
209,368,Longest Mountain Subsequence,8,0,3,0,動的計画法,2015-05-15
210,483,探し物はどこですか？,519,0,3,0,期待値,2015-05-15
211,441,素数サイコロと合成数サイコロ (1),8,0,1,0,実装,2015-05-22
212,442,素数サイコロと合成数サイコロ (2),8,0,2,0,"期待値,独立性",2015-05-22
213,443,素数サイコロと合成数サイコロ (3-Easy),8,0,4,0,"動的計画法,行列累乗",2015-05-22
214,104,素数サイコロと合成数サイコロ (3-Medium),8,0,5,0,"動的計画法,行列累乗,きたまさ法",2015-05-22
215,444,素数サイコロと合成数サイコロ (3-Hard),8,0,6,0,"動的計画法,行列累乗,きたまさ法,FFT,中華風剰余定理,Garner,モンゴメリ乗算",2015-05-22
216,550,FAC,208,0,1,0,実装,2015-05-26
217,557,魔方陣を作ろう,385,0,3,0,"魔方陣,実装",2015-05-26
218,587,経験値1.5倍,534,0,1.5,0,算数,2015-05-29
219,593,巨大数の概算,77,0,2.5,0,数学,2015-05-29
220,577,世界のなんとか2,661,0,3,0,"数学,桁DP,漸化式",2015-05-29
221,509,犯罪都市,562,0,2,0,"確率,条件付き確率",2015-06-05
222,211,引き算と足し算,120,0,2,0,"アドホック,文字列処理,正規表現",2015-06-05
223,558,1マス指定の魔方陣,385,0,4,0,魔方陣,2015-06-05
224,609,文字列変更(easy),569,0,1,0,文字列,2015-06-12
225,610,文字列変更(medium),569,0,3,0,"動的計画法,レーベンシュタイン距離",2015-06-12
226,600,0-1パズル,569,0,4,0,数学,2015-06-12
227,562,簡単ポーカー,661,0,1,0,場合分け,2015-06-19
228,247,ゆきこちゃんの 15 パズル,72,0,2,0,シミュレーション,2015-06-19
229,617,線分上を往復する3つの動点の一致,385,0,3,0,分数,2015-06-19
230,625,Splarraay ｽﾌﾟﾗﾚｪｰｲ,123,0,4,0,"遅延セグメント木,平方分割,バケット法,ビット演算",2015-06-19
231,535,めぐるはめぐる (1),8,0,1.5,0,貪欲法,2015-06-26
232,498,めぐるはめぐる (2),8,0,2.5,0,"実装,アドホック,貪欲法,独立性",2015-06-26
233,537,めぐるはめぐる (3),8,0,3,0,"文字列,探索,枝刈り,全探索",2015-06-26
234,536,めぐるはめぐる (4),8,0,5,0,"動的計画法,埋め込み",2015-06-26
235,640,めぐるはめぐる (5),8,0,4,0,"Heavy-Light_Decomposition,セグメント木",2015-06-26
236,592,鴛鴦茶,217,0,1.5,0,算数,2015-07-05
237,239,作図可能性,217,0,2,0,全探索,2015-07-05
238,591,Mr. K's Another Gift,217,0,3,0,文字列,2015-07-05
239,659,にゃんぱすー,23,0,1,0,,2015-07-10
240,303,ナイト散歩,25,0,2,0,幅優先探索,2015-07-10
241,642,出席番号(1),25,0,3,0,,2015-07-10
242,638,ビンゴゲーム,25,0,3,0,期待値の線形性,2015-07-10
243,643,出席番号(2),23,0,5,0,"数学,動的計画法,包除原理",2015-07-10
244,651,★１のグラフの問題,25,0,1,0,グラフ,2015-07-17
245,507,貫け！,29,0,3,0,"幾何,交差判定,全探索",2015-07-17
246,551,質問と回答,333,0,2,0,"リアクティブ,二分探索",2015-07-17
247,678,線形計画問題もどき,10,0,3,0,動的計画法,2015-07-17
248,580,ミラー君の宿題,81,0,5,0,"bitDP,素因数分解,Eulerの定理,期待値",2015-07-17
249,692,N言っちゃダメゲーム (2),8,0,1.5,0,発想,2015-07-24
250,302,atetubouのzetubou,30,0,2,0,"場合の数,動的計画法",2015-07-24
251,392,大きな桁の復習問題(1),4,0,3,0,フェルマーの小定理,2015-07-24
252,387,"""良問""(良問とは言っていない (2)",8,0,3,0,名状しがたい何か,2015-07-24
253,687,ロウソクの長さ,23,0,3,0,"二分探索,リアクティブ,アドホック",2015-07-24
254,676,文字列の構成,72,0,3,0,"構築,回文",2015-07-24
255,637,Splarrraaay ｽﾌﾟﾗｰﾚｪｰｰｲ,8,0,4,0,"遅延セグメント木,座標圧縮",2015-07-24
256,694,桁の数字を入れ替え (2),8,0,1.5,0,"ソート,貪欲",2015-07-31
257,708,N言っちゃダメゲーム (3),10,0,2,0,"ゲーム,リアクティブ",2015-07-31
258,710,回転寿司(2),10,0,3,0,"動的計画法,経路復元",2015-07-31
259,396,セグメントフィッシング＋,120,0,4,0,"BIT,平衡二分探索木",2015-07-31
260,612,世界のなんとか3,23,0,4,0,"動的計画法,桁DP",2015-07-31
261,655,ぐるぐるぐるぐる！あみだくじ！,123,0,4,0,"巡回群,中華風剰余定理,baby-step_giant-step",2015-07-31
262,402,面白くないビットすごろく,8,0,4,0,埋め込み,2015-07-31
263,399,Common Palindromes Extra,74,2,5,0,"文字列,回文,データ構造,PalindromicTree",2015-07-31
264,699,じゃんけん,908,0,1,0,,2015-08-07
265,605,数学のテスト,504,0,3,0,構文解析,2015-08-07
266,596,最終進化を目指せ,534,0,3,0,動的計画法,2015-08-07
267,581,トランプソート,208,0,2,0,ソート,2015-08-21
268,394,ラッピング（Easy）,90,0,2,0,幾何,2015-08-21
269,473,見栄っ張りの募金活動,90,0,3,0,動的計画法,2015-08-21
270,569,next_permutation (1),2,0,4,0,置換,2015-08-21
271,336,next_permutation (2),2,0,5,0,"置換,動的計画法,Factorial_number_system,Fenwick_tree",2015-08-21
272,590,NOT回路,25,0,1,0,論理演算,2015-08-28
273,389,回文分解,25,0,2,0,"回文,全探索",2015-08-28
274,658,The Wall,25,0,3,0,"貪欲,2-SAT",2015-08-28
275,746,中央値を求めよ,10,0,1,0,,2015-09-04
276,744,連続する整数の和(1),123,0,2,0,数学,2015-09-04
277,666,根掘り葉掘り,123,0,3,0,"木,幅優先探索",2015-09-04
278,745,連続する整数の和(2),123,0,3,0,数学,2015-09-04
279,531,木の数え上げ,333,0,1,0,算数,2015-09-18
280,604,歯車の問題(1),333,0,2,0,式変形,2015-09-18
281,661,門松と魔法(1),333,0,3,0,"場合分け,算数,門松列",2015-09-18
282,721,おもりと天秤(2),333,0,3,0,"リアクティブ,ソート,並列計算",2015-09-18
283,664,スライドパズルと魔方陣,333,0,5,0,"魔方陣,偶奇性,構築",2015-09-18
284,662,門松と魔法(2),333,0,5,0,"門松列,RMQ,動的計画法",2015-09-18
285,752,消費税２,25,0,1.5,0,"算数,誤差",2015-10-09
286,528,Modulo Discount Store,10,0,3,0,bitDP,2015-10-09
287,763,場合の数,868,0,3,0,組合せ,2015-10-09
288,333,貯金箱の仕事,174,0,4,0,"動的計画法,貪欲法",2015-10-09
289,783,数字を全て足そう,10,0,1,0,,2015-10-16
290,335,1010,2,0,2,0,"文字列,場合分け",2015-10-16
291,622,黒い文字列,208,0,4,0,動的計画法,2015-10-16
292,725,芸名,25,74,1,0,シミュレーション,2015-10-23
293,728,4>7の世界,25,74,2,0,数学,2015-10-23
294,743,SuperFizzBuzz,25,74,3,0,数え上げ,2015-10-23
295,400,hel__world,120,74,3.5,0,"場合分け,組合せ,優先度付きキュー",2015-10-23
296,822,n度寝,661,0,1,0,算数,2015-11-06
297,464,カードの数式,208,0,2.5,0,貪欲法,2015-11-06
298,702,話の伝達,241,0,4,0,確率,2015-11-06
299,808,蟻本が読めない,69,0,1,0,算数,2015-11-13
300,817,平方数,208,0,2,0,算数,2015-11-13
301,189,サイコロで確率問題 (1),8,0,3,0,"確率,動的計画法",2015-11-13
302,190,サイコロで確率問題 (2),8,0,4,0,"確率,極限定理,中心極限定理,数値積分,動的計画法",2015-11-13
303,831,割れません,8,0,4,0,"フィボナッチ,多倍長整数,場合分け",2015-11-13
304,765,鍵(1),123,0,1.5,0,"実装,全探索,リアクティブ",2015-11-27
305,768,鍵(2),123,0,2,0,"リアクティブ,探索",2015-11-27
306,853,さいたま2008,123,0,2,0,"数学,三分探索,誤差死ゲー",2015-11-27
307,769,最近色塗る問題多くない？,123,0,3,0,"実装,探索",2015-11-27
308,840,素数は通れません,69,0,4,0,"素数判定,数学,幅優先探索,乱択アルゴリズム,多倍長整数,Miller-Rabin素数判定法",2015-12-01
309,846,シャイな人たち (1),8,0,4,0,"競技プログラミング勢はシャイ,期待値,動的計画法",2015-12-01
310,874,2文字しりとり,2,0,6,0,"オイラー路,BEST_theorem,Matrix_tree_thorem,行列式,特性多項式,最小多項式,black_box_linear_algebra",2015-12-01
311,848,z in FizzBuzzString,77,0,1.5,0,発想,2015-12-01
312,847,置換処理,721,0,2,0,"全探索,素数判定",2015-12-01
313,686,π,72,0,3,0,埋め込み,2015-12-01
314,882,ケンケンパ,231,0,2,0,動的計画法,2015-12-01
315,766,世界のなんとか3.5,123,0,4,0,"動的計画法,桁DP,数学",2015-12-01
316,891,もっと刺激的なFizzBuzzをください,521,0,2,0,"最小公倍数,包除原理",2015-12-01
317,896,辺の追加,1309,0,4,0,グラフ,2015-12-01
318,899,学学学学学,282,0,3,0,"平衡二分探索木,セグメント木",2015-12-01
319,850,happy b1rthday 2 me,555,0,3,0,"数え上げ,桁DP",2015-12-01
320,875,眠れない夜に,137,0,3,0,貪欲法,2015-12-01
321,849,"(P,Q)-サンタと街の子供たち",78,0,3,0,"数学,実験",2015-12-01
322,884,Geometry Dash,222,0,3,0,比較,2015-12-01
323,845,yuki国,210,0,3,0,幅優先探索,2015-12-01
324,879,落ちてた閉路グラフ,29,0,3,0,動的計画法,2015-12-01
325,477,マンハッタン距離2,208,0,3,0,"マンハッタン距離,格子点",2015-12-01
326,905,あみだますたー,23,0,2.5,0,ソート,2015-12-01
327,904,アルファベット列,10,0,2,0,,2015-12-01
328,703,きれいな連立方程式,241,333,3,0,数学,2015-12-01
329,663,全射,120,0,4,0,"Widest_path_problem,動的計画法,数え上げ",2015-12-01
330,778,Eigenvalue Decomposition,268,0,4,0,ラプラシアン行列,2015-12-01
331,877,CodeRunnerでやれ,74,0,3,0,"リアクティブ,実装",2015-12-01
332,894,数列をプレゼントに,333,0,4,0,"半分全列挙,動的計画法,経路復元",2015-12-01
333,935,門松列を数え上げ,25,0,1.5,0,"門松列,数え上げ",2016-01-15
334,930,門松ゲーム,25,0,2,0,"門松列,全探索,対決問題",2016-01-15
335,936,門松宝くじ,25,0,3,0,"門松列,セグメント木",2016-01-15
336,933,門松列列,25,0,4,0,"門松列,動的計画法,数え上げ",2016-01-15
337,798,P versus NP,29,0,1,0,実装,2016-01-29
338,814,アンケート機能,205,0,2,0,全探索,2016-01-29
339,776,何人が回答したのか,69,0,2,0,算数,2016-01-29
340,932,雪の足跡,428,0,3,0,"一次元いもす法,幅優先探索",2016-01-29
341,563,沈黙の期間,52,0,1.5,0,"文字列,正規表現",2016-02-12
342,564,一番ワロタｗｗ,52,0,2,0,"文字列,正規表現",2016-02-12
343,707,手抜き工事のプロ,629,0,3,0,"物理,累積和",2016-02-12
344,857,ある無理数の累乗,629,0,4,0,数学,2016-02-12
345,984,最小チワワ問題,1388,0,1,0,文字列,2016-02-26
346,987,チワワ数え上げ問題,1388,0,2,0,"文字列,数え上げ,累積和",2016-02-26
347,836,微分と積分,1095,0,2,0,"数学,積分,微分",2016-02-26
348,795,カゴメカゴメ,1935,0,4,0,"実装,動的計画法,木",2016-02-26
349,924,干支の置き物,25,0,1.5,0,貪欲,2016-03-11
350,737,d=vt,25,0,1.5,0,"誤差,文字列",2016-03-11
351,735,市松スライドパズル,25,0,2,0,逆シミュレーション,2016-03-11
352,750,カード並べ,25,0,3,0,"期待値,数学",2016-03-11
353,799,ヘイトプラス,208,0,1.5,0,算数,2016-04-01
354,958,メルセンヌ素数,231,0,1.5,0,,2016-04-01
355,701,数当てゲーム(2),4,0,2.5,0,"ゲーム,リアクティブ",2016-04-01
356,616,円周上を回る3つの動点の一致,385,0,3,0,分数,2016-04-01
357,810,品物の並び替え (Middle),77,0,3,0,bitDP,2016-04-01
358,1025,も～っと！門松列,123,268,1.5,0,"門松列,剰余",2016-04-17
359,940,門松行列,123,74,4,0,"門松列,探索",2016-04-17
360,1067,増加門松列,123,0,2.5,0,"門松列,実装",2016-04-17
361,1016,門松ゲーム2,123,268,3,0,"門松列,ゲーム,Grundy数,メモ化再帰",2016-04-17
362,1010,門松ナンバー,123,268,3,0,"門松列,桁DP,動的計画法,二分探索",2016-04-17
363,1024,門松サイクル,123,74,4,0,"門松列,ダブリング,繰り返し二乗法,LCA,木,グラフ",2016-04-17
364,1009,門松木,123,74,4,0,"門松列,木DP,動的計画法",2016-04-17
365,1081,ジェンガソート,1388,504,2,0,ソート,2016-04-29
366,1077,ロボットソート,1388,504,2,0,ソート,2016-04-29
367,996,ナイトの転身,1388,333,3,0,幅優先探索,2016-04-29
368,1048,LCM of K-products,1388,268,3,0,"最小公倍数,素因数分解",2016-04-29
369,1039,足し間違い,1082,1388,1,0,,2016-05-13
370,780,道路の掃除,669,1388,2,0,全探索,2016-05-13
371,980,ぼく悪いプライムじゃないよ,1373,1388,3.5,0,"素因数分解,合成数,素数判定",2016-05-13
372,598,It's automatic,209,1388,3,0,"オートマトン,動的計画法,桁DP",2016-05-13
373,748,かけ算と割った余り,25,333,1.5,0,"算数,剰余",2016-06-04
374,1021,コイン,3280,333,2,0,,2016-06-04
375,489,立方体のN等分 (1),385,333,2.5,0,総当り,2016-06-04
376,547,立方体のN等分 (2),385,333,3,0,"約数列挙,素因数分解",2016-06-04
377,561,背景パターン,398,333,5,0,"Polyaの定理,約数",2016-06-04
378,922,名声値を稼ごう,8,6366,1.5,0,"発想,全探索",2016-06-17
379,898,五円硬貨,8,0,1.5,0,算数,2016-06-17
380,348,悪の台本,8,6366,2.5,0,"実装,文字列処理",2016-06-17
381,923,名声値を稼ごう Extra,8,0,3,0,"簡単でもない,基数変換",2016-06-17
382,867,シャイな人たち (2),8,0,5,0,"競技プログラミング勢はシャイ,探索",2016-06-17
383,683,レーティング,241,0,1,0,場合分け,2016-07-01
384,397,マス埋めゲーム2,208,0,2,0,剰余,2016-07-01
385,913,カップ麺生活,27,0,3,0,"動的計画法,素数判定",2016-07-01
386,1183,貪欲な領主,1986,6366,3,0,"木構造,LCA",2016-07-01
387,1199,ハンコ,400,2,4,0,ビット並列,2016-07-01
388,961,階段 (1),428,6366,1,0,"床関数,天井関数",2016-07-08
389,1030,ロジックパズルの組み合わせ,439,6366,3,0,"数学,組合せ,逆元",2016-07-08
390,486,最長の数列,210,6366,2.5,0,"動的計画法,約数",2016-07-08
391,918,CODING WAR,428,6366,3,0,"重複順列,包除原理,組合せ,逆元,フェルマーの小定理,数学",2016-07-08
392,1188,2分木をたどれ,1986,6366,2,0,木構造,2016-07-12
393,1189,2本の竹,1986,6366,3,0,"漸化式,動的計画法",2016-07-12
394,818,ハーフパイプ(1),123,555,1,0,実装,2016-07-15
395,1235,永遠の17歳,123,504,1.5,0,数学,2016-07-15
396,437,クラス替え,123,555,2,0,実装,2016-07-15
397,1233,NO MORE KADOMATSU,123,504,2,0,"門松列,ソート,リアクティブ",2016-07-15
398,819,ハーフパイプ(2),123,555,3,0,"動的計画法,埋め込み,数え上げ",2016-07-15
399,1249,動的な領主,123,504,4,0,"木,LCA,imos法,累積和,Heavy-Light_Decomposition,Link_Cut_Tree",2016-07-15
400,1044,鏡,25,428,1,0,シミュレーション,2016-07-22
401,1218,数字の渦巻き,1787,428,1.5,0,実装,2016-07-22
402,1152,最も海から遠い場所,1787,428,3,0,"チェビシェフ距離,動的計画法,幅優先探索",2016-07-22
403,893,2^2^2,555,2,3,0,"フェルマーの小定理,繰り返し二乗法",2016-07-22
404,1072,部分門松列,555,2,4,0,"門松列,BIT",2016-07-22
405,826,ローマ数字の腕時計,562,504,1,0,"文字列,時間,配列",2016-08-05
406,1221,鴨等間隔の法則,1143,504,1,0,"実装,ソート",2016-08-05
407,1232,鴨等素数間隔列の数え上げ,1143,504,2,0,"素数列挙,数学,数え上げ",2016-08-05
408,1161,五輪ピック,333,504,3.5,0,"meet_in_the_middle,color_coding,乱択アルゴリズム",2016-08-05
409,1064,ダイエット,504,77,4,0,"convex_hull_trick,動的計画法",2016-08-05
410,974,出会い,25,0,1,0,算数,2016-08-12
411,754,昇順昇順ソート,25,0,2,0,全探索,2016-08-12
412,770,花火大会,25,0,3,0,動的計画法,2016-08-12
413,1175,"+5,000,000pts",534,6366,3,0,"数学,誤差,精度落ち",2016-08-12
414,1263,衝動,82,6366,2,0,"約数,全探索",2016-08-26
415,1224,ぴょん,82,6366,2,0,最大公約数,2016-08-26
416,1229,旅行会社,82,6366,3,0,"union-find,データ構造をマージする一般的なテク,幅優先探索",2016-08-26
417,1207,チューリップバブル,1986,6366,3,0,動的計画法,2016-08-26
418,299,ミンミンゼミ,241,555,1,0,,2016-09-09
419,615,直角三角形,208,1786,2,0,"算数,三平方の定理",2016-09-09
420,491,mod2漸化式,208,1786,2,0,組合せ,2016-09-09
421,277,しろくろチョコレート,123,6366,3,0,"2部グラフの最大マッチング,最大流",2016-09-09
422,627,文字列変更 (Hard),77,74,4.5,0,"動的計画法,Needleman_Wunsch_Gotoh",2016-09-09
423,1306,ハムスター語初級（数詞）,1786,555,1.5,0,"文字列,コーナーケース",2016-09-22
424,1326,立体迷路,1786,504,2.5,0,"union-find,幅優先探索,深さ優先探索",2016-09-22
425,1307,ジャンケンの必勝法,1786,504,3,0,"確率,全探索",2016-09-22
426,1321,往復漸化式,1786,555,5,0,セグメント木,2016-09-22
427,1294,テレビ,25,555,1,0,,2016-10-02
428,901,小数から逃げる夢,69,555,2,0,"算数,実装",2016-10-02
429,926,CupShuffle,108,555,2,0,シミュレーション,2016-10-02
430,1013,文字列検索,25,555,3,0,"ローリングハッシュ,Trie木",2016-10-02
431,1352,死亡フラグ,2281,1095,1,0,実装,2016-10-14
432,1104,占い(Easy),268,123,1.5,0,実装,2016-10-14
433,684,ICPC国内予選の選抜ルールがこんな感じだったらうれしい,241,1388,3,0,実装,2016-10-14
434,467,占い,268,123,3,0,"数字根,素因数分解,組合せ",2016-10-14
435,466,占い(Extra),268,123,4,0,"数字根,メモリ制限,組合せ,剰余",2016-10-14
436,1098,ccw,1388,1935,1.5,0,"文字列,貪欲法,cww",2016-10-28
437,1126,cwwゲーム,1388,1935,2,0,"全探索,cww",2016-10-28
438,1100,Cwwプログラミング入門,504,1388,3,0,"cww,探索,ロシアゲー,構築,ユークリッドの拡張互除法,場合分け",2016-10-28
439,1094,チワワのなる木,1388,241,3,0,"動的計画法,木,cww",2016-10-28
440,1095,2次元チワワ問題,1388,504,4,0,"数え上げ,累積和,実装,cww",2016-10-28
441,1227,和か積,999,1388,1.5,0,数学,2016-11-11
442,1228,和と積,999,1388,2,0,最大公約数,2016-11-11
443,871,GCD of Permutation,999,1388,3,0,最大公約数,2016-11-11
444,1291,旨味の相乗効果,1786,400,4,0,"動的計画法,多項式,行列累乗",2016-11-11
445,1243,得点,333,555,1.5,0,算数,2016-11-18
446,1170,ゆきこーだーの雨と雪 (1),555,6366,1.5,0,,2016-11-18
447,978,ゆきこーだーの雨と雪 (2),555,2,2.5,0,,2016-11-18
448,1430,ゆきこーだーの雨と雪 (3),555,6366,3,0,"二分探索,動的計画法",2016-11-18
449,988,ゆきこーだーの雨と雪 (4),555,2,4,0,クエリ先読み,2016-11-18
450,1434,ベー君のシャトルラン,2664,0,2,0,算数,2016-12-01
451,1416,575,268,0,3,0,"ロシアゲー,算数",2016-12-01
452,1455,横着者のビンゴゲーム,69,0,3,0,実装,2016-12-01
453,771,製薬会社,25,0,3,0,線形計画問題,2016-12-01
454,1436,逆2乗和,209,6366,3.5,0,数値計算,2016-12-01
455,1438,冬の大三角,2281,1786,2,0,"場合分け,幾何",2016-12-01
456,1451,Millions of Submits!,1786,555,4,0,"ランベルトのW関数,変数変換,数値計算,二分探索",2016-12-01
457,1414,(^^*),4323,1786,2,0,"文字列,実装,累積和",2016-12-01
458,931,異なる素数の和,1095,333,2.5,0,動的計画法,2016-12-01
459,1435,C-VS for yukicoder,1373,29,3,0,"貪欲法,落ちゲー",2016-12-01
460,1121,裏表ちわーわ,3280,23,3,0,,2016-12-01
461,1096,三角形はいくつ？,555,1255,4,0,"数え上げ,二分探索,分数",2016-12-01
462,1389,6日知らずのコンピュータ,439,1786,2.5,0,ビット,2016-12-01
463,1450,魔法使いのすごろく🎲,224,333,4,0,"期待値,動的計画法",2016-12-01
464,1447,PPAP,726,74,3,0,"回文,数え上げ,累積和",2016-12-01
465,1467,PPPPPPPPPPPPPPPPAPPPPPPPP,74,726,5,0,"回文,数え上げ,動的計画法",2016-12-01
466,1138,ジオラマ,1388,999,3,0,"グラフ,構築",2016-12-01
467,1163,隠されていたゲーム,208,29,2.5,0,チェビシェフ距離,2016-12-01
468,1456,役に立つ競技プログラミング実践編,78,29,3,0,"トポロジカルソート,動的計画法",2016-12-01
469,1476,区間加算と一致検索の問題,1255,333,4,0,"rolling-hash,zobrist-hash,累積和,セグメント木",2016-12-01
470,1425,Inverse S+T Problem,210,1255,3,0,2-SAT,2016-12-01
471,709,直列回転機,123,29,3,0,"リアクティブ,写像,行列",2016-12-01
472,734,平均順位,231,210,3,0,動的計画法,2016-12-01
473,1437,和と積の和,999,1388,4,0,約数,2016-12-01
474,1355,色塗り２,75,224,5,0,"数え上げ,木",2016-12-01
475,131,最終日 - Writerの怠慢,100,268,3,0,確率,2016-12-01
476,1300,正しくない平均,1373,0,1,0,"実装,小数",2017-01-27
477,1186,MVP,8,1373,1.5,0,算数,2017-01-27
478,1489,一般門松列列,1373,0,2,0,"門松列,構築",2017-01-27
479,1357,頂点は要らない,1373,0,3,0,"グラフ,最小頂点被覆問題,貪欲法",2017-01-27
480,1480,合計,188,439,1,0,sum,2017-02-10
481,1358,1から10,25,439,1,0,全探索,2017-02-10
482,1330,あなたの名は,82,439,2,0,貪欲,2017-02-10
483,689,マッチ並べ,241,1388,3.5,0,オイラーの定理,2017-02-10
484,1428,収穫,82,224,4,0,動的計画法,2017-02-10
485,1535,方程式のお勉強,2187,439,1,0,算数,2017-02-24
486,1402,3 Straight Win(3連勝),4323,439,1,0,実装,2017-02-24
487,1407,2017 Calculation(2017の計算),4323,439,2,0,"計算,余り",2017-02-24
488,979,四角関係,1095,439,2,0,全探索,2017-02-24
489,1266,株に挑戦,1095,224,3,0,"セグメント木,スライド最小値",2017-02-24
490,1398,yukiソート,2313,2314,1.5,0,ソート,2017-03-10
491,1284,10^9+1と回文,2314,2313,2.5,0,ad-hoc,2017-03-10
492,1283,IOI数列,2313,2314,3,0,整数論,2017-03-10
493,1313,とても長い数列と文字列(Long Long Sequence and a String）,2314,2313,4,0,"数学,二分探索,実装",2017-03-10
494,1359,yukicoder,25,3130,1,0,,2017-03-24
495,1413,(^^*) Easy,4323,3130,1,0,,2017-03-24
496,934,ワープクリスタル (給料日前編),428,6366,2.5,0,動的計画法,2017-03-24
497,488,入れ子の箱,385,2164,3,0,動的計画法,2017-03-24
498,1020,ワープクリスタル (給料日編),428,6366,3,0,"全列挙,同じものを含む順列",2017-03-24
499,1580,7進数変換,1255,521,1.5,0,,2017-04-07
500,1097,階乗電卓,25,439,2,0,"実装,場合分け",2017-04-07
501,1075,穴と文字列,108,1838,2,0,,2017-04-07
502,1504,階乗を計算するだけ,1255,3032,3.5,0,,2017-04-07
503,1522,配列コレクション,3032,2164,4,0,動的計画法,2017-04-07
504,1162,ゲーム大会(ランキング),208,3130,1.5,0,実装,2017-04-21
505,1342,カードの数式2,208,1838,2.5,0,動的計画法,2017-04-21
506,1603,限られたジャパリまん,3255,1838,3,0,,2017-04-21
507,1164,ゲーム大会(チーム決め),208,25,3,0,二分探索,2017-04-21
508,1331,超ゆとり教育,1786,3286,1.5,0,発想,2017-04-28
509,1337,塗りつぶしツール,1786,1838,2,0,場合分け,2017-04-28
510,1316,二次漸化式,1786,1838,4,0,"セグメント木,同次拡大行列",2017-04-28
511,1292,落ちゲー 〜手作業のぬくもり〜,1786,555,4,0,"遅延セグメント木,並列二分探索",2017-04-28
512,1433,魔法少女の追いかけっこ,209,1620,1.5,0,"シミュレーション,誤差",2017-05-05
513,1059,宝探し２,25,3032,2,0,"二分探索,リアクティブ",2017-05-05
514,1060,宝探し３,25,3032,3,0,"発想,リアクティブ",2017-05-05
515,1408,典型LCP,209,82,4,0,RMQ,2017-05-05
516,1360,赤と青の風船,25,1373,1,0,,2017-05-28
517,1007,壊れたアクセサリー,25,1838,2.5,0,貪欲,2017-05-28
518,1276,ローマ数字の和,562,439,2.5,0,"文字列,置換,演算",2017-05-28
519,1195,アイドルユニット,1986,29,3.5,0,動的計画法,2017-05-28
520,1212,プロジェクトオイラーへの招待,1986,29,4,0,"漸化式,数え上げ",2017-05-28
521,1427,Cheeses and a Mousetrap(チーズとネズミ捕り),4323,521,1.5,0,,2017-06-02
522,1415,Make Test Cases(テストケースを作る),4323,521,2.5,0,"算数,実装",2017-06-02
523,1117,LED,3280,4323,2.5,0,組合せ,2017-06-02
524,1091,コインゲーム,3280,3130,3,0,"Nim,数学",2017-06-02
525,1378,二度寝の季節,69,3130,1,0,"時刻,実装",2017-06-09
526,1344,フィボナッチ数列の第N項をMで割った余りを求める,1158,2281,1.5,0,フィボナッチ,2017-06-09
527,1133,ナップサック容量問題,555,3130,2.5,0,動的計画法,2017-06-09
528,1627,10^9と10^9+7と回文,939,3032,3.5,0,"桁DP,回文数",2017-06-09
529,1290,帰省ラッシュ,82,224,4,0,"二重辺連結成分分解,セグメント木,Heavy-Light_Decomposition",2017-06-09
530,1639,年齢って毎年変わるし覚えるの難しいよね,1255,1786,1,0,,2017-06-23
531,1472,エヌスクミ島の平和協定,1786,3130,1.5,0,"場合分け,発想",2017-06-23
532,1625,Possible or Impossible,3032,1786,2.5,0,発想,2017-06-23
533,1755,Mysterious Stairs,3762,1373,2.5,0,動的計画法,2017-06-23
534,1481,フィボナッチフィボナッチ数,1255,224,3.5,0,,2017-06-23
535,1541,自然数の収納方法,3032,504,4,0,動的計画法,2017-06-23
536,1410,人工知能,1373,2281,1,0,"文字列,正規表現",2017-06-30
537,1746,ユーザーID,1253,1786,1.5,0,,2017-06-30
538,1015,N.G.S.,428,534,2,0,連立方程式,2017-06-30
539,937,インクリメント,8,1838,2.5,0,"実装,文字列処理",2017-06-30
540,1509,格子点と経路,237,224,5,0,場合分け,2017-06-30
541,1725,3 x N グリッド上のサイクルの個数,3160,1786,4,0,,2017-06-30
542,1677,１円玉と５円玉,25,1786,1.5,0,全探索,2017-07-14
543,1632,命題,4323,3130,1,0,"数学,実装",2017-07-14
544,1485,Delete 7,2281,1786,2,0,発想,2017-07-14
545,1203,ママの大事な二人の子供,1986,6366,3,0,"動的計画法,半分全列挙",2017-07-14
546,1280,オンリー・ワン,25,3032,3,0,包除原理,2017-07-14
547,1628,未知の言語,4323,1786,1,0,"文字列,実装",2017-07-28
548,1642,国士無双,4323,1838,1.5,0,"バケットソート,文字列,実装",2017-07-28
549,1617,素材合成システム,2882,1786,2,0,"貪欲法,累積和",2017-07-28
550,1282,夏休みの思い出（１）,78,504,3.5,0,"数学,二次方程式,全探索",2017-07-28
551,1251,夏休みの思い出（２）,78,504,4,0,"数学,離散対数,平方分割",2017-07-28
552,1734,十分簡単な星1の問題,1255,3130,1,0,,2017-08-11
553,1778,AlphaCoder Rating,77,1373,2.5,0,"実装,逆関数",2017-08-11
554,1287,recurrence formula,2329,1373,2,0,累積和,2017-08-11
555,1305,世界史のレポート,2329,4323,3,0,動的計画法,2017-08-11
556,1213,仁義なきサルたち,1986,1373,2.5,0,union-find,2017-08-11
557,1789,点対称,4323,1786,2.5,0,"場合の数,数字,数学,図形,繰り返し二乗法",2017-08-11
558,1760,575検出するやつ,123,1373,1,0,文字列,2017-08-25
559,1655,swapAB列,25,3130,1.5,0,,2017-08-25
560,1150,ふしぎなナップサック,555,3130,2,0,期待値,2017-08-25
561,816,東京と京都,25,82,2,0,動的計画法,2017-08-25
562,1759,超高速一人かるた small,123,3032,3.5,0,文字列,2017-08-25
563,777,超高速一人かるた large,123,3032,4,0,"文字列,trie木,木DP,動的計画法",2017-08-25
564,1873,背の順,2933,1786,1,0,,2017-09-08
565,1638,回転拡大,1255,1786,2,0,,2017-09-08
566,1159,だいたい完全二分木,333,1838,2,0,,2017-09-08
567,1336,コンプリート,1082,1838,2.5,0,"動的計画法,メモ化再帰,確率",2017-09-08
568,1738,じゃんじゃん　落とす　委員会,3367,2313,3,0,"考察,ネタ,しゃくとり法",2017-09-08
569,1729,3 x N グリッドのパスの数,3160,1786,4,0,,2017-09-08
570,1340,3人兄弟（その１）,25,3130,1,0,ソート,2017-10-06
571,1325,3人兄弟（その２）,25,2657,1.5,0,ソート,2017-10-06
572,1216,妖精の演奏,1986,1786,3,0,組合せ,2017-10-06
573,1487,a^2[i] = a[i],108,1838,3,0,,2017-10-06
574,1424,正多面体サイコロ,209,1786,3,0,"確率,期待値",2017-10-06
575,1696,n! / m / m / m...,1786,3032,3.5,0,"数学,ルジャンドルの定理,スターリングの近似",2017-10-06
576,1923,E869120 and Rings,2314,2313,4,0,"二分探索,スライド最小値",2017-10-13
577,1807,Prime Powerful Numbers,2313,3367,4.5,0,"ゴールドバッハ予想,素数判定,Miller-Rabin素数判定法,全探索",2017-10-13
578,1727,3 x N グリッド上のサイクルのサイズ(easy),3160,1786,5,0,,2017-10-13
579,1737,3 x N グリッド上のサイクルのサイズ(hard),3160,1786,5.5,0,,2017-10-13
580,1938,旅館の予約計画,1986,1678,2.5,0,貪欲法,2017-10-22
581,1640,XOR,25,3130,1,0,,2017-10-27
582,1296,キャンディー・ボックス３,25,1373,2,0,"ゲーム,場合分け",2017-10-27
583,1464,鉄道同好会,25,1786,2.5,0,"深さ優先探索,一筆描き",2017-10-27
584,1883,赤、緑、青の色塗り,25,29,3.5,0,数え上げ,2017-10-27
585,1888,工夫のないパズル,25,0,4.5,0,,2017-10-27
586,1779,ダブルブッキング,562,77,1,0,"ハッシュテーブル,配列,リスト",2017-11-03
587,1641,七対子,4323,3130,1.5,0,"バケットソート,文字列,実装",2017-11-03
588,1119,空白と回文,3280,4323,2,0,,2017-11-03
589,1594,Counting Even,3032,29,3,0,パスカルの三角形,2017-11-03
590,1645,Replacement,3032,1838,4.5,0,"数学,実装",2017-11-03
591,1945,(^o^)/,5740,77,1,0,,2017-11-10
592,1534,括弧の対応 (2),385,4323,2,0,文字列処理,2017-11-10
593,1751,4進FizzBuzz,1253,1373,2,0,,2017-11-10
594,1181,壊れた宝物発見機,1095,555,2.5,0,"三分探索,リアクティブ",2017-11-10
595,1591,登山,82,1786,3,0,動的計画法,2017-11-10
596,1367,郵便配達,6366,1786,4.5,0,動的計画法,2017-11-10
597,1761,concat,123,1373,1,0,文字列,2017-11-24
598,1868,オーバーフローファンタジー,123,1786,2,0,"符号付数値表現,2の補数",2017-11-24
599,1171,回文かい,123,2164,3,0,"文字列,回文,Z_Algorithm,LCP,動的計画法,ローリングハッシュ,RMQ",2017-11-24
600,1172,かい文回,123,2164,3,0,"文字列,構築,回文",2017-11-24
601,1994,Midpoint Erase,2882,3790,2,0,"ゲーム,偶奇性",2017-12-01
602,1980,隠されていたゲーム2,208,25,3.5,0,マンハッタン距離,2017-12-02
603,1993,hel__world (2),939,555,4,0,二項係数,2017-12-03
604,1992,誕生日のお小遣い,25,3790,2,0,二分探索,2017-12-04
605,1412,板挟みの球面,385,1786,2.5,0,"幾何,不思議",2017-12-05
606,2011,カラフルタイル,629,1786,3,0,"算数,発想",2017-12-06
607,2009,開通777年記念,4301,2299,2,0,"しゃくとり法,累積和",2017-12-07
608,2038,God's Maze,3280,0,3.5,0,,2017-12-08
609,2000,Noelちゃんと星々,4306,3391,2,0,,2017-12-09
610,2035,区間賞(Section Award),4323,1786,3,0,"順列,論理",2017-12-10
611,1859,Day of the Mountain,2313,74,4.5,0,"最短経路,動的計画法,集合",2017-12-11
612,2004,Move on grid,555,2299,3,0,動的計画法,2017-12-12
613,2019,Solitude by the window,4540,74,5,0,,2017-12-12
614,2045,壊れたキャンパス,1253,2106,3,0,,2017-12-14
615,2022,集合に分けよう,5740,1786,2,0,貪欲法,2017-12-15
616,2017,へんなソート,2299,1786,3,0,"動的計画法,転倒数",2017-12-16
617,2021,Nafmo、買い出しに行く,3130,6366,1.5,0,,2017-12-17
618,2024,labo-index,571,4540,3.5,0,"BIT,二分探索",2017-12-18
619,2029,CardShuffle,2281,6366,4,0,"セグメント木,算数",2017-12-19
620,2023,ぐるぐるぐるりん,1786,74,4.5,0,,2017-12-20
621,2031,3 x N グリッド上のドミノの置き方の数,726,231,4,0,"動的計画法,行列累乗",2017-12-21
622,1786,点と三角柱の内外判定,77,1786,2.5,0,幾何,2017-12-22
623,471,fudan no modulus to tigau,282,4540,3,0,数学,2017-12-23
624,2040,Santa Claus and The Last Dungeon,2314,333,5,0,"リアクティブ,考察,分割統治法",2017-12-24
625,2058,ソンタクロース,69,74,3,0,,2017-12-25
626,2046,Randomized 01 Knapsack,1786,0,4,0,,2017-12-15
627,1892,ランダムウォークの軌跡,4088,77,1,0,,2018-01-05
628,1193,Tagの勢い,1986,1786,1.5,0,実装,2018-01-05
629,1683,グラフの中に眠る門松列,1373,1838,2,0,"門松列,グラフ",2018-01-05
630,1726,門松グラフ,1373,1786,3,0,"門松列,グラフ,構築",2018-01-05
631,2068,Noelちゃんと電車旅行,4306,3078,3,0,"Starry_Sky木,セグメント木,平方分割",2018-01-05
632,1669,穴埋め門松列,1373,3130,1,0,門松列,2018-01-19
633,1895,バスの運賃,1986,2464,2,0,"計算,累積和",2018-01-19
634,1705,硬貨の枚数1,726,1786,2.5,0,全探索,2018-01-19
635,1478,自然門松列,1373,1786,3,0,"門松列,二分探索,場合分け",2018-01-19
636,1702,硬貨の枚数2,726,1786,3.5,0,桁DP,2018-01-19
637,1694,X: Yet Another FizzBuzz Problem,2313,3367,1,0,"入出力,条件分岐",2018-01-26
638,1852,"Sum of ""not power of 2""",2313,3367,2,0,"全探索,数学",2018-01-26
639,1805,An Ordinary Sequence,2313,3367,2.5,0,"再帰,動的計画法",2018-01-26
640,1932,76本のトロンボーン,2313,3367,3.5,0,全探索,2018-01-26
641,1995,Team Contest Estimation,2313,4540,4,0,"統計,平均,分散,ビット演算",2018-01-26
642,2110,Two Operations No.1,3032,4494,2,0,数学,2018-02-02
643,1988,Two Operations No.2,3032,4494,2,0,数学,2018-02-02
644,1665,G L C C D M,3032,2313,3.5,0,"オイラー関数,メビウス関数",2018-02-02
645,1864,Count Permutation,3032,400,4.5,0,動的計画法,2018-02-02
646,1926,逆ピラミッド,4301,77,1,0,,2018-02-09
647,2103,明太子,4235,77,1.5,0,,2018-02-09
648,1854,　お　や　す　み　,1786,77,2,0,,2018-02-09
649,2120,ここでちょっとQK！,293,69,3,0,"クエリ処理,データ構造,ヒープ,座標圧縮,二分探索,BIT,セグメント木,平方分割,平衡二分探索木",2018-02-09
650,1317,行列木クエリ,1786,224,4,0,"HL分解,セグメント木",2018-02-09
651,1919,E869120 and Driving,2314,77,1,0,入出力,2018-02-23
652,1920,E869120 and TimeZone,2314,77,2,0,"実装,構文解析,誤差",2018-02-23
653,1921,E869120 and Lucky Numbers,2314,1786,3,0,場合分け,2018-02-23
654,2027,Air E869120,2314,2313,4,0,最大流,2018-02-23
655,1922,E869120 and Good Triangles,2314,3367,4,0,"最短路問題,累積和,しゃくとり法",2018-02-23
656,1656,ゴルフ,25,3130,1,0,,2018-03-02
657,1971,テトラナッチ数列 Easy,5740,77,2,0,"メモ化,全探索,テトラナッチ",2018-03-02
658,1973,テトラナッチ数列 Hard,5740,77,2.5,0,"メモ化,周期性,テトラナッチ",2018-03-02
659,1570,徘徊迷路,25,224,3,0,"行列累乗,動的計画法",2018-03-02
660,1889,家を通り過ぎないランダムウォーク問題,726,4540,4,0,"数学,数え上げ,カタラン数",2018-03-02
661,1588,ハローキティはりんご3個分,1655,77,1,0,,2018-03-09
662,2090,スロットマシーン,1986,77,2,0,計算,2018-03-09
663,1955,セルオートマトンの逆操作,1986,1786,2.5,0,漸化式,2018-03-09
664,1211,超能力者Aと株価予測,1986,6366,3,0,動的計画法,2018-03-09
665,1917,Bernoulli Bernoulli,209,1786,3,0,ベルヌーイ数,2018-03-09
666,1798,1000000007で割るだけ,4323,77,1,0,"掛け算,割り算,余り",2018-03-23
667,1439,Mice's Luck(ネズミ達の運),4323,1786,1.5,0,,2018-03-23
668,1630,6.0*10^23,4323,1786,2,0,"数学,文字列,変換",2018-03-23
669,1812,対決!!! 飲み比べ,3762,2313,3,0,"Nim,Grundy数",2018-03-23
670,1886,log は定数,400,592,4,0,,2018-03-23
671,1361,1000000007,25,521,1,0,,2018-04-13
672,1486,最長AB列,25,1786,2,0,,2018-04-13
673,767,カブトムシ,25,224,2.5,0,数学,2018-04-13
674,1601,n連勤,25,82,3,0,"平方分割,座標圧縮",2018-04-13
675,1572,ドットちゃんたち,25,3032,3,0,"幾何,行列",2018-04-13
676,1799,C0nvertPr0b1em,4323,77,1,0,"文字列,文字列操作,実装",2018-04-27
677,1865,10^Nの約数,237,77,1.5,0,"約数,素因数分解",2018-04-27
678,1209,2Dシューティングゲームの必殺ビーム,1986,1786,2,0,実装,2018-04-27
679,1897,不思議マーケット,1986,1786,2.5,0,グラフ,2018-04-27
680,1776,作れる数,385,1786,3,0,"二分探索,貪欲法",2018-04-27
681,1853,Fractal Gravity Glue,1786,4540,3.5,0,"ルジャンドルの定理,行列累乗,フラクタル",2018-04-27
682,2256,Average,3032,3367,1.5,0,数学,2018-05-11
683,2257,Two Operations No.3,3032,3367,2.5,0,全探索,2018-05-11
684,2258,Prefix Parenthesis,3032,3367,3.5,0,貪欲法,2018-05-11
685,1783,Logical Operations,3032,1786,3,0,桁DP,2018-05-11
686,1887,Uncertain LIS,3032,2313,5,0,平方分割,2018-05-11
687,1667,E869120 and Constructing Array 1,2314,1786,1,0,"条件分岐,構築",2018-05-18
688,1684,E869120 and Constructing Array 2,2314,1786,2,0,"場合の数,全探索,構築",2018-05-18
689,1685,E869120 and Constructing Array 3,2314,2313,3,0,構築,2018-05-18
690,1686,E869120 and Constructing Array 4,2314,3032,3.5,0,"グラフ,構築",2018-05-18
691,1687,E869120 and Constructing Array 5,2314,3367,5,0,"半分全列挙,構築",2018-05-18
692,2124,square1001 and Permutation 1,2313,77,1,0,"ゲーム,算数",2018-06-08
693,2297,square1001 and Permutation 2,2313,6366,1.5,0,ソート,2018-06-08
694,2111,square1001 and Permutation 3,2313,6366,3,0,"バブルソート,転倒数",2018-06-08
695,2231,square1001 and Permutation 4,2313,2314,4,0,"動的計画法,素因数分解,中国剰余定理",2018-06-08
696,2125,square1001 and Permutation 5,2313,3032,5,0,"BIT,分割統治法,高速フーリエ変換",2018-06-08
697,1543,池の数はいくつか,10,0,2.5,0,"幅優先探索,union-find",2018-06-09
698,2251,ペアでチームを作ろう,25,0,2.5,0,"全探索,bitDP",2018-06-09
699,2332,ペアでチームを作ろう２,25,0,2.5,0,全探索,2018-06-12
700,2301,LOVE,1786,5715,1,0,,2018-06-15
701,1506,ひとりしりとり,1786,1838,2,0,,2018-06-15
702,1934,中央値を求めよ LIMITED,1786,2314,3,0,"中央値,メモリ制限",2018-06-15
703,1948,ゴミ拾い Easy,1786,4540,4,0,"動的計画法,ConvexHullTrick",2018-06-15
704,1950,ゴミ拾い Medium,1786,4540,4.5,0,"動的計画法,セグメント木",2018-06-15
705,2113,ゴミ拾い Hard,1786,4540,5,0,"動的計画法,Monge",2018-06-15
706,1927,多眼生物の調査,4301,77,1.5,0,,2018-06-29
707,1960,書道,5740,25,2,0,"実装,全探索",2018-06-29
708,1947,（＋ー）の式,5740,6366,2,0,"実装,構文解析",2018-06-29
709,1990,優勝可能性,82,2597,2.5,0,しゃくとり法,2018-06-29
710,2233,チーム戦,726,6366,3,0,動的計画法,2018-06-29
711,1722,競技レーティング単調増加,726,209,4,0,動的計画法,2018-06-29
712,1168,赤旗,1655,4323,1,0,,2018-07-13
713,1878,素数の和,2933,5740,1.5,0,,2018-07-13
714,1223,回転寿司屋のシミュレート,1986,1373,2,0,実装,2018-07-13
715,1890,集合と二人ゲーム,4088,29,3.5,0,Grundy数,2018-07-13
716,1810,距離,4323,77,1,0,"幾何,最小値,最大値",2018-07-27
717,2005,ファッションへのこだわり,4301,77,1.5,0,,2018-07-27
718,1240,行列のできるフィボナッチ数列道場 (1),3280,1838,2.5,0,,2018-07-27
719,1074,Coprime,108,4323,3.5,0,,2018-07-27
720,1634,行列のできるフィボナッチ数列道場 (2),3280,1838,3.5,0,,2018-07-27
721,1835,Die tertia (ディエ・テルツィア),209,77,1,0,実装,2018-08-03
722,2200,100×100=1000,237,77,1.5,0,場合分け,2018-08-03
723,1842,2つの数の和,1206,1786,2,0,二分探索,2018-08-03
724,1935,円と円の間の円,4088,1786,3.5,0,幾何,2018-08-03
725,2214,木は明らかに森である,1253,82,1,0,,2018-08-24
726,2215,Tree Game,1253,4306,2.5,0,,2018-08-24
727,2249,仲介人moko,4235,2313,3,0,,2018-08-24
728,1937,ギブ and テイク,3790,3220,3.5,0,BIT,2018-08-24
729,2253,文字swap,25,77,1,0,,2018-09-07
730,1418,アルファベットパネル,25,1620,1.5,0,,2018-09-07
731,1169,等差数列がだいすき,555,1838,2.5,0,最小二乗法,2018-09-07
732,1490,3PrimeCounting,108,2657,3,0,素数,2018-09-07
733,1132,分身並列コーディング,555,2164,3,0,"ビンパッキング問題,bitDP",2018-09-07
734,2392,Careful Engineer,6034,77,1.5,0,数学,2018-09-28
735,2285,接線,4323,77,1.5,0,"幾何,数学",2018-09-28
736,1991,約比,4323,10,1.5,0,ユークリッドの互除法,2018-09-28
737,2075,PopCount,82,2654,3,0,"数学,桁DP",2018-09-28
738,1732,平らな農地,726,1786,3.5,0,平衡二分探索木,2018-09-28
739,2349,大事なことなので２度言います,25,77,1,0,,2018-10-05
740,2007,幻の木,4301,77,1.5,0,,2018-10-05
741,1333,AscNumber(Easy),108,1373,2.5,0,"組合せ,逆元",2018-10-05
742,2147,にゃんにゃんにゃん　猫の挨拶,1986,1786,2.5,0,"群論,転倒数",2018-10-05
743,2063,Segments on a Polygon,6366,1786,3,0,"BIT,セグメント木,WaveletMatrix",2018-10-05
744,1951,循環小数N桁目 Easy,5740,77,1,0,剰余,2018-10-19
745,2171,letinopia raoha,5143,77,1.5,0,,2018-10-19
746,2229,7の倍数,5740,77,2,0,,2018-10-19
747,2242,循環小数N桁目 Hard,5740,10,2.5,0,,2018-10-19
748,2382,yuki国のお財布事情,1206,2882,3,0,最小全域木,2018-10-19
749,2239,クエリ全部盛り,939,4540,4,0,"遅延セグメント木,平方分割",2018-10-19
750,2455,Frac #1,5452,77,1,0,"算数,ソート,分数",2018-11-09
751,2437,Frac #2,5452,6366,2,0,"最大公約数,算数,分数",2018-11-09
752,2158,mod数列,237,25,3,0,"剰余,累積和",2018-11-09
753,2156,最強王者決定戦,1986,1786,3.5,0,漸化式,2018-11-09
754,2175,畳み込みの和,6366,1986,1.5,0,"畳み込み,動的計画法,FFT,NTT",2018-12-02
755,2553,Zero-Sum Rectangle,5232,5898,2.5,0,"累積和,imos法",2018-12-03
756,1674,チャンパーノウン定数 (1),237,77,1,0,チャンパーノウン定数,2018-12-04
757,1916,チャンパーノウン定数 (2),237,77,3.5,0,"チャンパーノウン定数,基数変換,多倍長整数,実装",2018-12-04
758,2578,VVVVV,4306,69,3,0,"順序木,Narayana数",2018-12-06
759,2586,悪くない忘年会にしような！,69,1786,3,0,,2018-12-07
760,2523,Where am I moved to?,77,1786,3.5,0,"幾何,行列",2018-12-08
761,2552,平均値ゲーム,4323,69,3,0,ゲーム,2018-12-09
762,1986,PDCAパス,1373,69,2,0,"グラフ,数え上げ,動的計画法,メモ化再帰",2018-12-10
763,2143,Noelちゃんと木遊び,4306,569,2.5,0,木DP,2018-12-11
764,1593,浮動点,555,6366,3.5,0,数学,2018-12-12
765,2514,ukuku 2,1253,82,3.5,0,"文字列,回文",2018-12-13
766,2321,金魚すくい,82,1253,2.5,0,"期待値,組合せ",2018-12-14
767,2247,配られたジャパリまん,5740,0,3,0,,2018-12-15
768,2085,Tapris and Noel play the game on Treeone,4306,3078,4,0,"木DP,ゲーム",2018-12-16
769,2558,UNOシミュレータ,5429,77,2,0,"実装,シミュレーション",2018-12-16
770,2475,Median Sequence,3032,0,3.5,0,,2018-12-18
771,2580,しおり,5898,5232,2.5,0,bitDP,2018-12-18
772,2587,Dynamic Distance Sum,2295,400,6,0,動的木,2018-12-20
773,2634,コンテスト,5627,0,1,0,,2018-12-21
774,2269,tatyamと素数大富豪,5232,5898,3.5,0,"全探索,素数,Miller-Rabin素数判定法",2018-12-22
775,2470,tatyamと素数大富豪(hard),5232,5898,5,0,"辞書式順序,実装",2018-12-22
776,2588,A Simple RMQ Problem,555,1195,3.5,0,セグメント木,2018-12-23
777,2476,再帰的ケーキ,293,6366,3,0,"BIT,セグメント木,座標圧縮,動的計画法,LIS",2018-12-24
778,2517,クリスマスツリー,25,0,2.5,0,"オイラーツアー,BIT",2018-12-25
779,2519,Heisei,1373,77,1,0,実装,2019-01-11
780,2681,オフ会,5692,6925,1,0,,2019-01-11
781,1709,円周上の格子点の数え上げ,108,1786,2,0,,2019-01-11
782,1706,マイナス進数,726,1786,2.5,0,基数変換,2019-01-11
783,1784,門松計画,1373,1786,3,0,"門松列,動的計画法,ナップサック問題",2019-01-11
784,2499,"「,（カンマ）」",25,77,1,0,,2019-02-08
785,1879,色食い虫,562,5740,1.5,0,組合せ,2019-02-08
786,1589,京都大学の過去問,1655,1786,2,0,,2019-02-08
787,1440,Mice and Traitors(ネズミ達と裏切り者),4323,1786,2.5,0,,2019-02-08
788,2526,トラックの移動,5232,5898,3,0,,2019-02-08
789,2183,範囲の合計,1986,6366,3,0,"木,セグメント木,座標圧縮",2019-02-08
790,2667,ちきんの括弧並べ,6113,3073,2,0,"bit全探索,カタラン数",2019-02-20
791,1817,うし数列,1253,82,1,0,,2019-02-22
792,2331,真理関数をつくろう,5394,77,1.5,0,,2019-02-22
793,2520,うし数列 2,1253,82,2,0,,2019-02-22
794,2217,チーム戦 (2),82,1253,3,0,数え上げ,2019-02-22
795,2511,Restrictions!!!!!!!!!!!!!!,5143,77,1,0,,2019-03-15
796,2489,well known,5143,5204,1.5,0,,2019-03-15
797,2104,Noelちゃんとピラミッド,4306,4810,2.5,0,"コンビネーション,組合せ",2019-03-15
798,2406,コレクション,1206,6366,3,0,動的計画法,2019-03-15
799,2814,赤黒かーどげぇむ,5047,11774,1,0,"数え上げ,全探索",2019-03-17
800,2815,四平方定理,5047,11774,2.5,0,"数え上げ,半分全列挙",2019-03-17
801,2813,エレベーター,5047,11774,3,0,"数え上げ,動的計画法,累積和",2019-03-17
802,2778,だいたい等差数列,5047,11774,3.5,0,"数え上げ,包除原理",2019-03-17
803,2818,Very Limited Xor Subset,5047,11774,4,0,"数え上げ,排他的論理和,行列",2019-03-17
804,2557,野菜が苦手,5781,4145,1,0,,2019-03-22
805,2839,UMG,5781,5047,1.5,0,"全探索,文字列",2019-03-22
806,2507,木を道に,5781,4906,2,0,"グラフ,木",2019-03-22
807,2822,umg tours,5781,5047,2.5,0,グラフ,2019-03-22
808,2775,Kaiten Sushi?,5781,6250,3.5,0,,2019-03-22
809,2289,かけ算,25,77,1,0,,2019-04-12
810,2426,割った余りの個数,4088,77,1.5,0,,2019-04-12
811,2337,約数の個数の最大化,5898,5232,2,0,,2019-04-12
812,2850,Change of Class,4552,209,2.5,0,,2019-04-12
813,2260,ユキちゃんの冒険,6366,2313,3,0,"等比級数,二分累乗法,連立方程式",2019-04-12
814,2097,ジジ抜き,221,6366,3.5,0,"排他的論理和,二分探索",2019-04-12
815,2947,Are you a traveller ?,5933,7394,1,0,算数,2019-04-19
816,2343,Beautiful tuples,5933,77,2,0,"全探索,約数",2019-04-19
817,2439,Coin donation,5933,5047,2.5,0,"二分探索,座標圧縮",2019-04-19
818,2986,Dinner time,5933,3833,3.5,0,動的計画法,2019-04-19
819,2951,Enjapma game,5933,7394,3.5,0,ゲーム,2019-04-19
820,2902,Power of Two,3032,1838,1,0,,2019-04-26
821,2901,Making Integers,3032,1838,2.5,0,,2019-04-26
822,2544,Bitwise AND,3032,1838,2.5,0,,2019-04-26
823,2446,Many Shifts Easy,3032,2314,2.5,0,,2019-04-26
824,2449,Many Shifts Hard,3032,2314,5,0,,2019-04-26
825,2983,賢いお買い物,3220,3790,1.5,0,全探索,2019-05-03
826,2982,連絡網,3220,3790,2.5,0,"素数列挙,union-find木",2019-05-03
827,2978,総神童数,3220,3790,2.5,0,"期待値の線形性,dfs",2019-05-03
828,2977,全方位神童数,3220,3790,4.5,0,"dfs,union-find木",2019-05-03
829,2596,成長関数インフレ中,3220,3790,4.5,0,"挿入DP,母関数",2019-05-03
830,2570,日本人の9割は90%,5898,5232,1,0,,2019-05-24
831,2444,都市めぐり,5898,5232,2.5,0,,2019-05-24
832,3042,麻雀修行中,3681,6366,2.5,0,,2019-05-24
833,3022,かっこいい電車,5898,5232,3,0,"RSQ,BIT,セグメント木",2019-05-24
834,2749,Random Walk Trip,7038,5047,3.5,0,"数え上げ,組合せ",2019-05-24
835,2502,ジュース,25,77,1,0,,2019-06-14
836,2708,じょうよ,5429,1786,1.5,0,剰余,2019-06-14
837,2600,Noelちゃんと星々2,5513,5232,2,0,,2019-06-14
838,2601,Noelちゃんと星々3,5513,5232,2.5,0,動的計画法,2019-06-14
839,2617,Keep Distance and Nobody Explodes,6002,11774,3,0,,2019-06-14
840,2892,ほむほむほむら,5047,4906,4,0,,2019-06-14
841,2866,8/32,7208,10,1,0,,2019-06-28
842,2677,初詣,5692,7046,1.5,0,,2019-06-28
843,2855,Triple Primes,7208,10,2,0,"素数,全探索",2019-06-28
844,2810,split game,5781,5047,2.5,0,動的計画法,2019-06-28
845,2741,最長の切符,7208,10,3,0,bitDP,2019-06-28
846,2860,メダル,5914,6184,1.5,0,,2019-07-05
847,2882,Divisors of Power,5914,6184,2,0,"全探索,素因数分解",2019-07-05
848,2711,なかよし旅行,5914,5047,2.5,0,"グラフ,ダイクストラ法",2019-07-05
849,2705,yuki国の分割統治,5914,5047,3,0,最大公約数,2019-07-05
850,2870,企業コンテスト2位,5914,7394,3.5,0,リアクティブ,2019-07-05
851,3122,テストケース,3833,4542,1.5,0,,2019-07-26
852,2854,連続部分文字列,3833,5047,2.5,0,動的計画法,2019-07-26
853,3201,河原の石,3833,5933,2.5,4,"貪欲法,数学",2019-07-26
854,2747,公平なりんご分配,3833,5232,3,0,"累積和,素因数分解",2019-07-26
855,2897,ヘビの日光浴,3833,6912,4.5,0,"座標圧縮,セグメント木,二分探索",2019-07-26
856,2838,増える演算,3833,293,4.5,0,"数学,累積和,FFT",2019-07-26
857,3141,素振り,25,10,1,0,,2019-08-09
858,2506,わり算,25,77,1.5,0,実装,2019-08-09
859,3084,路線A、路線B、路線C,25,69,2.5,0,"全探索,ワーシャルフロイド",2019-08-09
860,2259,買い物,25,939,3,0,最小全域木,2019-08-09
861,2254,ケーキカット,25,939,3,0,全探索,2019-08-09
862,2407,XORでX,25,0,3.5,0,,2019-08-09
863,3315,計算量,2314,4323,1.5,0,計算,2019-08-16
864,3317,四方演算,2314,5232,2.5,0,"数学,式の展開",2019-08-16
865,3316,24時間降水量,2314,4323,3,0,累積和,2019-08-16
866,3318,レベルKの正方形,2314,5232,3,0,"動的計画法,ソート",2019-08-16
867,3320,避難経路,2314,5627,4,0,"最短経路問題,ダイクストラ法",2019-08-16
868,3321,ハイパー部分和問題,2314,5627,4.5,0,"平方分割,bitset,動的計画法",2019-08-16
869,3322,ふたつの距離,2314,5047,5.5,0,構築,2019-08-16
870,3273,無敵囲い,6100,10,1,0,,2019-08-30
871,3119,かえるのうた,5429,5034,2,0,,2019-08-30
872,3128,All Tree Path,4145,5034,2,0,,2019-08-30
873,2743,バイナリ、ヤバいなり！ｗ,5232,5898,3,0,,2019-08-30
874,2776,正規表現間距離,293,7417,3.5,0,"動的計画法,文字列マッチング,編集距離,正規表現",2019-08-30
875,3277,Range Mindex Query,2654,7483,2.5,0,セグメント木,2019-09-06
876,3283,Range Compress Query,2654,7483,3,0,セグメント木,2019-09-06
877,3278,Range ReLU Query,2654,7483,3,0,セグメント木,2019-09-06
878,3287,Range High-Element Query,2654,7483,3,0,セグメント木,2019-09-06
879,3279,Range Mod 2 Query ,2654,7483,4,0,遅延セグメント木,2019-09-06
880,3281,Yet Another Segment Tree Problem,2654,7483,4.5,0,Beats,2019-09-06
881,3355,sin(x)/xの和,6366,6912,3.5,0,フーリエ変換,2019-09-07
882,3354,約数倍数,6912,7482,1.5,0,,2019-09-13
883,3339,ぬりえ,6912,2314,3,0,"場合分け,構築",2019-09-13
884,3334,Eat and Add,6912,2314,3,0,動的計画法,2019-09-13
885,3163,アマリクエリ,6912,3976,3,0,クエリ処理,2019-09-13
886,3267,Direct,6912,5047,4,0,"数え上げ,数学,素因数分解,包除原理",2019-09-13
887,3131,Collatz,7918,10,1,0,実装,2019-09-20
888,3149,約数の総和,7918,6366,1.5,0,約数,2019-09-20
889,3147,素数!,7918,5429,1.5,0,実装,2019-09-20
890,3169,移調の限られた旋法,7918,6912,3,0,"組合せ,包除原理",2019-09-20
891,3068,隣接3項間の漸化式,7918,6912,3,0,"数学,行列累乗",2019-09-20
892,3138,タピオカ,25,10,1,0,,2019-09-27
893,2012,お客様を誘導せよ,4301,77,1.5,0,シミュレーション,2019-09-27
894,1692,二種類のバス,2314,6366,2,0,数学,2019-09-27
895,3387,MESE,5533,2314,3,0,"数え上げ,組合せ",2019-09-27
896,2101,友達以上恋人未満,221,6366,3.5,0,"素数,累積和,高速ゼータ変換",2019-09-27
897,3403,compαctree,7522,4306,1.5,0,,2019-10-04
898,3404,tri-βutree,7522,4306,2.5,0,,2019-10-04
899,3405,γatheree,7522,4306,3.5,0,,2019-10-04
900,3406,aδδitivee,7522,4306,3,0,,2019-10-04
901,3407,K-ary εxtrεεmε,7522,4306,4.5,0,,2019-10-04
902,3453,Query ζone,7522,4306,6,0,,2019-10-04
903,3413,太郎の確率,8895,10,1,0,確率,2019-10-11
904,2699,サメトロ,6953,77,2,0,,2019-10-11
905,3433,Sorted?,5429,6366,2,0,累積和,2019-10-11
906,2413,Y字グラフ,237,25,3,0,数え上げ,2019-10-11
907,2900,Continuous Kadomatu,6953,6366,4,0,,2019-10-11
908,3364,うしたぷにきあくん文字列,7171,4746,1,0,,2019-10-18
909,2988,たぴの配置,4746,7171,2,0,構築,2019-10-18
910,3306,素数部分列,4746,1253,2.5,0,貪欲法,2019-10-18
911,3333,ラッキーソート,4746,1253,3,0,桁DP,2019-10-18
912,3332,赤黒木,4746,7171,3.5,0,"木DP,オイラー路",2019-10-18
913,3421,木の燃やし方,4746,1253,4,0,"分割統治法,ConvexHullTrick",2019-10-18
914,2842,Omiyage,4145,7633,2.5,0,,2019-10-25
915,3389,Plus Or Multiple Operation,4145,7478,2.5,0,,2019-10-25
916,2827,Encounter On A Tree,4145,5047,2.5,0,,2019-10-25
917,3305,Make One With GCD,4145,1664,2.5,0,,2019-10-25
918,3092,LISGRID,4145,5047,3,0,,2019-10-25
919,3227,You Are A Project Manager,4145,7419,3.5,0,,2019-10-25
920,3395,あかあお,4306,3078,1,0,,2019-11-08
921,3394,ずんだアロー,4306,3078,2,0,動的計画法,2019-11-08
922,3420,東北きりきざむたん,4306,3078,3.5,0,木DP,2019-11-08
923,3451,オセロきりきざむたん,3078,4306,3.5,0,ad-hoc,2019-11-08
924,3124,紲星,4306,3078,4,0,"セグメント木,並列二分探索,永続セグメント木",2019-11-08
925,3393,紲星 Extra,3078,4306,5,0,"平衡二分探索木,中央値",2019-11-08
926,3608,休日の平均,6894,7584,1,0,算数,2019-11-22
927,2795,Second Permutation,7038,5047,1.5,0,ソート,2019-11-22
928,3564,軽減税率？,3220,3790,2.5,0,"数学,全探索",2019-11-22
929,2255,よくあるボールを移動するやつ,25,237,2,0,貪欲,2019-11-22
930,2878,数列圧縮,5914,6340,3,0,構築,2019-11-22
931,3473,Multiplicative Convolution,6340,7417,4,0,"数学,畳み込み",2019-11-22
932,3670,解法破綻！高橋君,7663,6752,1,0,,2019-11-29
933,3380,おまわりさんこいつです,7663,8315,2,0,"数学,数字根",2019-11-29
934,3539,Explosive energy drink,7663,6912,2,0,リアクティブ,2019-11-29
935,3545,う　し　た　ぷ　に　き　あ く ん 笑　ビ　－　ム,8315,7663,2,0,"しゃくとり法,二分探索,累積和,動的計画法",2019-11-29
936,3689,Are,7663,8668,3.5,0,"実装,動的計画法",2019-11-29
937,3585,Ultra Sword,7663,8668,4,0,"排他的論理和,多項式,最大公約数",2019-11-29
938,3601,賢人を探せ,8895,1373,2,0,,2019-12-01
939,2417,and or,237,2600,2,0,"数え上げ,ビット演算",2019-12-02
940,3679,ワープ　ε=ε=ε=ε=ε=│;p>д＜│,6366,3833,4.5,0,"包除原理,数え上げ,形式的冪級数,FFT",2019-12-03
941,3366,商とあまり,6912,3976,5,0,"bitDP,枝刈り",2019-12-04
942,3678,プレゼント配り,9145,4746,3,0,構築,2019-12-05
943,3625,取り調べ,5429,3037,2.5,0,"全探索,bitDP",2019-12-05
944,2628,煎っぞ!,3037,25,2,0,約数,2019-12-07
945,3650,YKC饅頭,4323,6366,3,0,"priority_queue,セグメント木,union-find,JOI",2019-12-08
946,2684,箱箱箱,237,2600,3.5,0,"Nim,Grundy数,ゲーム",2019-12-09
947,3612,ABC包囲網,1373,25,3,0,"幾何,誤差,有理数,二分探索,三角関数",2019-12-10
948,3661,Bomb vs Dush,4145,6366,2.5,0,,2019-12-11
949,3719,飲酒プログラミングコンテスト,555,4323,3,0,"動的計画法,二分探索",2019-12-12
950,3672,行列累乗,5914,5047,4,0,"baby-step_giant-step,離散対数,行列",2019-12-13
951,3744,【本日限定】１枚頼むともう１枚無料！,6002,555,3,0,動的計画法,2019-12-14
952,3323,危険な火薬庫,5898,5232,4,0,"動的計画法,Monge,ConvexHullTrick",2019-12-15
953,2386,席,237,2600,3,0,"セグメント木,優先度付きキュー	",2019-12-16
954,1551,Result,1082,418,2,0,"動的計画法,フィボナッチ",2019-12-17
955,3606,ax^2+bx+c=0,7918,25,2.5,0,誤差,2019-12-18
956,3688,Number of Unbalanced,23,25,4,0,,2019-12-19
957,3556,植林,4746,1253,3.5,0,最小カット,2019-12-19
958,3600,たぷりすたべる (回文),1253,4746,3.5,0,回文,2019-12-21
959,3605,tree and fire,4310,5047,2,0,期待値,2019-12-22
960,3583,マンハッタン距離3,237,2600,4,0,"マンハッタン距離,格子点,場合分け",2019-12-23
961,2539,Vibrant Fillumination,3790,3220,4,0,"実装,Mo",2019-12-24
962,3766,LCPs,4306,3078,3,0,,2019-12-24
963,3747,門松列列（2）,6366,6250,4,1,"門松列,動的計画法,数え上げ,包除原理",2020-01-05
964,3665,2020,25,74,1,0,,2020-01-13
965,3659,門松列が嫌い,25,74,1,0,門松列,2020-01-13
966,3607,引き算をして門松列（その１）,25,74,2,0,門松列,2020-01-13
967,3609,引き算をして門松列（その２）,25,74,2.5,0,門松列,2020-01-13
968,3610,引き算をして門松列（その３）,25,6366,3,0,門松列,2020-01-13
969,3632,じゃんけん,7424,6070,1,0,場合分け,2020-01-17
970,3633,数列変換マシン,7424,6070,2,0,算数,2020-01-17
971,3634,いたずらっ子,7424,6070,3,0,動的計画法,2020-01-17
972,3635,選び方のスコア,7424,6070,3,0,"累積和,二分探索",2020-01-17
973,3636,余興,7424,6070,3.5,0,"動的計画法,ゲーム,区間DP,累積和,BIT",2020-01-17
974,3724,最後の日までに,7424,6070,3.5,0,半分全列挙,2020-01-17
975,3212,ミスターマックスバリュ,6121,555,1,0,リスト,2020-01-31
976,3902,2 の 128 乗と M,534,555,1.5,0,"算数,モンゴメリ乗算",2020-01-31
977,3435,アリス仕掛けの摩天楼,8492,5047,2,0,"グラフ,木",2020-01-31
978,3209,Fibonacci Convolution Easy,4906,7633,2.5,0,"フィボナッチ,漸化式",2020-01-31
979,3491,Longest Divisor Sequence,8492,6250,3,0,,2020-01-31
980,3211,Fibonacci Convolution Hard,4906,5047,4,0,"フィボナッチ,漸化式",2020-01-31
981,3866,一般冪乗根,6366,4906,5,0,,2020-02-07
982,3872,Add,6136,2654,2,0,,2020-02-11
983,3874,Convolution,6136,2654,3.5,0,,2020-02-11
984,3873,Inversion,6136,2654,4,0,,2020-02-11
985,3876,Hadamard,6136,2654,4.5,0,,2020-02-11
986,3875,Present,6136,2654,5,0,,2020-02-11
987,3935,N×Mマス計算（基本）,237,2600,1,0,,2020-02-14
988,3905,N×Mマス計算（総和）,237,2600,1.5,0,数学,2020-02-14
989,3906,N×Mマス計算（K以上）,237,2600,2,0,"二分探索,しゃくとり法",2020-02-14
990,3907,N×Mマス計算（Kの倍数）,237,2600,3,0,"最大公約数,素因数分解",2020-02-14
991,3924,N×Mマス計算（構築）,237,2600,4,0,構築,2020-02-14
992,3784,最長増加部分列の数え上げ,237,2600,3.5,0,"最長増加部分列,数え上げ,累積和,二分探索,動的計画法",2020-02-14
993,3549,青色,7597,9872,1,0,文字列,2020-02-21
994,3106,ばらばらコイン,7597,9872,1.5,0,"グラフ,貪欲",2020-02-21
995,3171,タピオカオイシクナーレ,7597,9872,2.5,0,"期待値,確率,行列累乗",2020-02-21
996,3338,Phnom Penh,7597,9872,4,0,"文字列,貪欲",2020-02-21
997,3559,Jumping Kangaroo,7597,9872,3,0,"動的計画法,行列累乗",2020-02-21
998,3954,Four Integers,2299,5047,1,0,ソート,2020-02-28
999,3977,てん vs. ほむ,5047,2299,2,0,累積和,2020-02-28
1000,3979,Point Add and Array Add,5047,2299,3,0,"クエリ,データ構造,セグメント木",2020-02-28
1001,3978,注文の多い順列,5047,2299,4,0,"数え上げ,順列,包除原理",2020-02-28
1002,3961,Twotone,2299,5047,4,0,"グラフ,木,重心分解",2020-02-28
1003,3863,サイコロの実装 (1),7918,6366,1,0,,2020-03-06
1004,3862,サイコロの実装 (2),7918,6366,1.5,0,剰余,2020-03-06
1005,4007,BOT対策,9165,5232,1.5,0,"文字列,貪欲",2020-03-06
1006,3984,Share an Integer,9165,5232,2,0,素因数分解,2020-03-06
1007,1753,コイン集め,82,77,2,0,場合分け,2020-03-06
1008,2963,Bench Craftsman,7655,7873,3,0,,2020-03-06
1009,3658,面積の求め方,8668,7287,1.5,0,"数値解析,積分",2020-03-20
1010,3587,折って重ねて,8668,7663,2,0,"貪欲法,全探索",2020-03-20
1011,3663,Infinite Stairs,8668,4306,2.5,0,動的計画法,2020-03-20
1012,3597,荷物収集,8668,6752,3,0,"数学,二分探索",2020-03-20
1013,3604,〇マス進む,8668,6366,3.5,0,"実装,ダブリング",2020-03-20
1014,3986,competitive fighting,8668,7478,3.5,0,"グラフ,動的計画法",2020-03-20
1015,4016,おつりは要らないです,8823,2654,2.5,0,貪欲法,2020-04-03
1016,4015,三目並べ,8823,2654,3,0,ゲーム,2020-04-03
1017,4044,Reiwa Sequence,8823,2654,3,0,"構築,鳩ノ巣原理,bitDP,半分全列挙",2020-04-03
1018,4014,suffixsuffixsuffix,8823,2654,4,0,"文字列,接尾辞配列",2020-04-03
1019,4041,最小格子三角形,8823,2654,5,0,"Farey数列,包除原理,メビウス関数",2020-04-03
1020,4005,Reverse,5914,7663,1.5,0,,2020-04-10
1021,4030,Children in Classrooms,5914,4145,2,0,両端キュー,2020-04-10
1022,4002,Power Equation,5914,6366,3,0,"数学,最大公約数",2020-04-10
1023,4008,Cyclic Tour,5914,7633,3,0,グラフ,2020-04-10
1024,4034,Children in a Row,5914,7655,4.5,0,,2020-04-10
1025,4031,Modular Equation,5914,5047,4.5,0,"数学,動的計画法",2020-04-10
1026,4046,OGAWA's New Keyboard,10141,0,1.5,0,両端キュー,2020-04-14
1027,4138,U+1F4A0,3424,5346,1.5,0,"幾何,数学",2020-04-17
1028,4146,闇討ち,5346,3424,2.5,0,累積和,2020-04-17
1029,4136,JJOOII 3,3424,5346,3,0,"全探索,動的計画法",2020-04-17
1030,4172,だんしんぐぱーりない,5346,3424,3.5,0,"LCA,セグメント木",2020-04-17
1031,4171,いたずら好きなお姉ちゃん,3424,5346,4,0,"平方分割,ダブリング,分割統治法,BIT",2020-04-17
1032,4245,数数え,10141,10766,1.5,0,,2020-04-23
1033,4232,乱数サイ,10089,25,1,0,数学,2020-04-24
1034,4021,テスターのふっぴーさん,8492,5533,2,0,,2020-04-24
1035,2772,Color Box,4145,5034,2.5,0,包除原理,2020-04-24
1036,4072,Make One With GCD 2,4145,5914,3.5,0,データ構造,2020-04-24
1037,3502,exhausted,8492,5047,2.5,0,動的計画法,2020-04-24
1038,3912,TreeAddQuery,4746,2654,4,0,"重心分解,BIT,セグメント木",2020-04-24
1039,3937,Project Euler でやれ,939,6366,5,0,群論,2020-04-24
1040,3618,垂直大学,6775,9322,1,0,算数,2020-05-01
1041,3436,直線大学,6775,7918,1.5,0,全探索,2020-05-01
1042,3619,愚直大学,6775,5143,2,0,二分法,2020-05-01
1043,3620,直列大学,6775,9087,2.5,0,"数え上げ,動的計画法,累積和,しゃくとり法",2020-05-01
1044,3621,正直者大学,6775,9802,2.5,0,"数え上げ,二項係数,場合の数",2020-05-01
1045,3622,直方体大学,6775,7623,3,0,"bitDP,ソート",2020-05-01
1046,4131,Fruits Rush,10224,6654,1,0,"貪欲法,ソート",2020-05-08
1047,4134,Zero (Novice),10224,7918,1.5,0,数学,2020-05-08
1048,4117,Zero (Advanced),10224,7910,2,0,剰余,2020-05-08
1049,4094,Zero (Exhaust),10224,7910,2.5,0,"剰余,動的計画法,数え上げ",2020-05-08
1050,4093,Zero (Maximum),10224,7910,3,0,"漸化式,行列累乗,数え上げ",2020-05-08
1051,4132,PQ Permutation,10224,293,4,0,"辞書順,順列,実装,累積和",2020-05-08
1052,4287,電子機器X,6912,7481,2,0,算数,2020-05-15
1053,4228,ゲーミング棒,6912,7482,2.5,0,,2020-05-15
1054,3592,Union add query,6912,6366,3,0,"データ構造をマージする一般的なテク,クエリ処理",2020-05-15
1055,3417,牛歩,6912,4540,4.5,0,"貪欲,スライド最小値",2020-05-15
1056,3469,2D Lamps,6912,6250,4.5,0,bitset,2020-05-15
1057,4263,素敵な日,5933,9005,1,0,場合分け,2020-05-22
1058,4256,素敵な数,5933,1207,2,0,"約数,全探索",2020-05-22
1059,4272,素敵な集合,5933,9005,3,0,"グラフ,最小全域木,クラスカル法",2020-05-22
1060,4274,素敵な宝箱,5933,1207,3.5,0,ゲーム,2020-05-22
1061,4260,素敵な数列,5933,9005,4,0,構築,2020-05-22
1062,4315,素敵なスコア,5933,1207,4.5,0,"数え上げ,NTT",2020-05-22
1063,4241,ルートの計算 / Sqrt Calculation,8315,8493,1.5,0,,2020-05-29
1064,4108,∪∩∩ / Cup Cap Cap,8315,8840,2,0,"数学,ad-hoc",2020-05-29
1065,4230,電柱 / Pole (Easy),8315,8492,2.5,0,ダイクストラ法,2020-05-29
1066,4157,#いろいろな色 / Red and Blue and more various colors (Easy),7663,10444,2.5,0,"形式的冪級数,動的計画法,分割統治法",2020-05-29
1067,4379,#いろいろな色 / Red and Blue and more various colors (Middle),7663,10444,3,0,"形式的冪級数,動的計画法,累積和,座標圧縮,二分探索",2020-05-29
1068,4302,#いろいろな色 / Red and Blue and more various colors (Hard),7663,10444,4,0,"形式的冪級数,畳み込み,NTT,動的計画法,分割統治法",2020-05-29
1069,4227,電柱 / Pole (Hard),8315,8492,4.5,0,Yen'sAlgorithm,2020-05-29
1070,3139,Missing a space,25,7762,1,0,,2020-06-05
1071,4371,ベホマラー,7762,25,2,0,,2020-06-05
1072,3114,A Nice XOR Pair,25,7762,2,0,,2020-06-05
1073,4336,無限すごろく,7762,25,3,0,"行列累乗,確率",2020-06-05
1074,2577,増殖,25,7762,3.5,0,平方分割,2020-06-05
1075,4352,木の上の山,7762,25,4,0,全方位木DP,2020-06-05
1076,4321,寿司打,7482,8999,1.5,0,,2020-06-12
1077,4318,Noelちゃんと星々4,7482,8999,2.5,0,動的計画法,2020-06-12
1078,4307,I love Matrix Construction,7482,6912,3.5,0,"構築,2-SAT",2020-06-12
1079,4354,まお,7482,8823,4,0,分割統治法,2020-06-12
1080,4119,Strange Squared Score Sum,7482,400,5,0,"数え上げ,形式的冪級数",2020-06-12
1081,3824,和の和,7584,9618,1.5,0,たしざん,2020-06-19
1082,3823,XORのXOR,7584,6894,2,0,排他的論理和,2020-06-19
1083,3822,余りの余り,7584,6894,2.5,0,"剰余,全探索,ソート",2020-06-19
1084,3681,積の積,7584,8493,3,0,"数え上げ,繰り返し二乗法,しゃくとり法,imos法",2020-06-19
1085,3693,桁和の桁和,7584,6912,3,0,"動的計画法,桁和",2020-06-19
1086,3825,桁和の桁和2,7584,6912,3.5,0,桁和,2020-06-19
1087,4220,転倒数の転倒数,7584,6912,4.5,0,"構築,転倒数",2020-06-19
1088,4573,A+B Problem,8315,4323,1,0,YSFBC,2020-06-24
1089,4572,三変数方程式,8315,4323,1.5,0,YSFBC,2020-06-24
1090,4571,ソーシャルディスタンス / Social Distance,8315,4323,1.5,0,YSFBC,2020-06-24
1091,4570,Range Xor Query,8315,4323,2,0,"YSFBC,xor,累積和",2020-06-24
1092,4569,modular arithmetic,8315,4323,2,0,"YSFBC,mod,剰余",2020-06-24
1093,4568,区間の和 / Sum of Range,8315,4323,2,0,"YSFBC,二分探索,しゃくとり法",2020-06-24
1094,4567,木登り / Climbing tree,8315,4323,2.5,0,"YSFBC,LCA,木",2020-06-24
1095,4386,Smallest Kadomatsu Subsequence,10449,10857,2,0,"実装,二分探索,門松列,場合分け",2020-06-26
1096,4213,Range Sums,10449,7663,2,0,"実装,算数",2020-06-26
1097,4385,Remainder Operation,10449,7424,2.5,0,"剰余,周期性,ダブリング",2020-06-26
1098,4402,LCAs,10449,8999,3,0,"動的計画法,木,木DP",2020-06-26
1099,4374,Range Square Sum,10449,6912,3.5,0,"遅延セグメント木,クエリ処理",2020-06-26
1100,4373,Boxes,10449,6366,3.5,0,"数学,数え上げ,包除原理,形式的冪級数",2020-06-26
1101,4415,鼻水,5786,7478,2,0,"算数,貪欲法",2020-07-03
1102,4283,Remnants,9165,6366,2.5,0,組合せ,2020-07-03
1103,4203,Directed Length Sum,10088,11478,2,0,,2020-07-03
1104,4358,オンライン点呼,11034,8492,2.5,4,,2020-07-03
1105,4444,Many Triplets,5161,6070,3,0,行列累乗,2020-07-03
1106,2573,🦉 何事もバランスが大事,534,8996,3.5,0,"数え上げ,基数変換,桁DP",2020-07-03
1107,3486,三善アクセント,7918,10089,1,0,実装,2020-07-10
1108,3487,移調,7918,10089,1,0,実装,2020-07-10
1109,3510,調の判定,7918,5429,1.5,0,全探索,2020-07-10
1110,3488,好きな歌,7918,10857,2,0,"しゃくとり法,二分探索",2020-07-10
1111,3498,コード進行,7918,8492,2.5,0,動的計画法,2020-07-10
1112,3449,冥界の音楽,7918,6366,3,0,行列累乗,2020-07-10
1113,4689,二つの整数 / Two Integers,7584,8315,2,0,最大公約数,2020-07-17
1114,4703,足し算盆に返らず,6366,7762,1.5,0,,2020-07-17
1115,3927,二つの数列 / Two Sequences,8315,7584,2.5,0,"転倒数,BIT,セグメント木",2020-07-17
1116,4557,Cycles of Dense Graph,6366,8996,3.5,0,,2020-07-17
1117,4450,数列分割,6913,10255,3,0,"動的計画法,スライド最小値",2020-07-17
1118,3409,sin(x)/xの二乗和,6366,4540,4,0,,2020-07-17
1119,4629,Division 3,2314,8823,1,0,計算,2020-07-22
1120,4630,Strange Teacher,2314,8823,2.5,0,ad-hoc,2020-07-22
1121,4640,Social Distancing in Cinema,2314,5346,3.5,0,構築,2020-07-22
1122,4632,Plane Tickets,2314,2313,4,0,"マッチング,二分探索,線型計画法,LP緩和",2020-07-22
1123,4633,Afforestation,2314,5627,4,0,最大流,2020-07-22
1124,4634,Earthquake Safety,2314,6912,4.5,0,全方位木DP,2020-07-22
1125,4638,Without Parallelogram,2314,5346,4.5,0,"構築,中国剰余定理の応用",2020-07-22
1126,4815,SUM,11309,11793,2,0,数学,2020-07-24
1127,4785,変形パスカルの三角形,11793,11309,2,0,数学,2020-07-26
1128,4600,Wedding Ceremony,7341,7663,1,0,,2020-07-26
1129,4825,Rating じゃんけん,8315,7663,1,0,"BATC,場合分け",2020-07-26
1130,4560,Grid Numbers,7663,8315,1,0,,2020-07-26
1131,4748,Deviation Score,7341,8315,1,0,,2020-07-26
1132,4826,凸凹,8315,7663,1.5,0,"BATC,全探索",2020-07-26
1133,4827,キムワイプイーター,8315,7663,1.5,0,"BATC,シミュレーション",2020-07-26
1134,4776,Deviation Score Ⅱ,7341,8315,1.5,0,,2020-07-26
1135,4777,RPN,7341,7663,1.5,0,構文解析,2020-07-26
1136,4746,Four Points Tour,7663,8315,2,0,"動的計画法,行列累乗",2020-07-26
1137,4778,Circles,7341,7663,2,0,imos法,2020-07-26
1138,4750,No Bingo!,7663,7341,3.5,0,"包除原理,形式的冪級数,NTT",2020-07-26
1139,4800,Slime Race,9165,11122,1.5,0,算数,2020-07-31
1140,4822,EXPotentiaLLL!,11122,9165,2,0,"素数列挙,フェルマーの小定理",2020-07-31
1141,3455,田グリッド,5533,7394,2.5,0,"累積和,実装",2020-07-31
1142,4608,XOR と XOR,8315,7584,3,0,"排他的論理和,xor,数え上げ,累積和",2020-07-31
1143,3904,面積Nの三角形,8996,4647,3,0,数え上げ,2020-07-31
1144,4687,Triangles,8315,8996,3.5,0,幾何,2020-07-31
1145,4665,Sums of Powers,6340,9645,4.5,0,形式的冪級数,2020-07-31
1146,4903,土偶Ⅰ,10338,11793,1.5,0,"土偶,全探索",2020-08-05
1147,4918,土偶Ⅱ,10338,11793,2,0,"土偶,最短経路",2020-08-05
1148,4928,土偶Ⅲ,10338,10449,2.5,0,"土偶,しゃくとり法",2020-08-05
1149,4650,色塗りゲーム,7762,7287,2,0,"ゲーム,リアクティブ",2020-08-07
1150,4649,シュークリームゲーム（Easy）,7762,7478,2.5,0,ゲーム,2020-08-07
1151,4648,チャレンジゲーム,7762,9028,3,0,"ゲーム,確率",2020-08-07
1152,4580,10億ゲーム,7762,6366,3.5,0,"ゲーム,リアクティブ",2020-08-07
1153,4619,ねこちゃんゲーム,7762,7633,4,0,"ゲーム,Grundy数,全方位木DP",2020-08-07
1154,4624,シュークリームゲーム（Hard）,7762,9645,5,0,"ゲーム,木",2020-08-07
1155,4951,Nada Picnic,10429,10439,1,0,,2020-08-11
1156,4952,Nada Picnic 2,10429,10439,1.5,0,,2020-08-11
1157,4954,Many Quotients easy,10429,10439,1.5,0,,2020-08-11
1158,4956,GCD Products easy,10429,10439,2,0,,2020-08-11
1159,4957,Sashiming String,10429,10439,2,0,,2020-08-11
1160,4958,Strange Bowling,10429,10439,2,0,,2020-08-11
1161,4959,Many Powers,10429,10439,2,0,,2020-08-11
1162,4960,Many Quotients hard,10429,10439,2.5,0,,2020-08-11
1163,4961,I want to be a high achiever,10429,10439,2.5,0,,2020-08-11
1164,4962,GCD Products hard,10429,10439,3,0,,2020-08-11
1165,4963,Paint Squares,10429,10439,3.5,0,,2020-08-11
1166,4964,NADA DNA,10429,10439,3,0,,2020-08-11
1167,4965,Graduation Trip,10429,10439,4,0,,2020-08-11
1168,4401,Digit Sum Sequence,10424,4145,1,0,"算数,数列,剰余",2020-08-14
1169,4809,Row and Column and Diagonal,10424,5933,2,0,"構築,発想,剰余,順列,数学",2020-08-14
1170,4387,Never Want to Walk,10424,6366,3,0,"グラフ,union-find,二分探索,しゃくとり法",2020-08-14
1171,4729,Runs in Subsequences,10424,7762,3,0,"数え上げ,組合せ,動的計画法,部分列",2020-08-14
1172,4271,Add Recursive Sequence,10424,6250,4,0,"漸化式,行列,前処理,imos法",2020-08-14
1173,4255,Endangered Species,10424,3790,4.5,0,"確率,二分探索,数学,極限",2020-08-14
1174,4980,盆栽の剪定,5232,0,4,0,DP,2020-08-18
1175,4810,Simultaneous Equations,10338,10175,1.5,0,数学,2020-08-21
1176,4790,少ない質問,11309,11842,1.5,0,PCTPROBLEM,2020-08-21
1177,4758,余りは?,11793,10175,2.5,0,"数学,数え上げ",2020-08-21
1178,4813,Can you draw a Circle?,10338,10175,2,4,数学,2020-08-21
1179,4811,Quadratic Equation,10338,10175,2,0,数学,2020-08-21
1180,4843,無限和,11793,11797,3,0,,2020-08-21
1181,4752,Product Sum for All Subsets,11309,7663,2.5,0,数学,2020-08-21
1182,4955,Welcome,6058,3424,1,3,,2020-08-22
1183,4872,コイン遊び,10717,9778,1.5,0,,2020-08-22
1184,4922,Hà Nội,6058,11727,1.5,0,,2020-08-22
1185,4875,完全な3の倍数,11727,3424,1.5,0,,2020-08-22
1186,4676,長方形の敷き詰め,10175,6058,1.5,0,"数え上げ,動的計画法,二項係数",2020-08-22
1187,4876,皇帝ペンギン,11727,6058,2,0,,2020-08-22
1188,4880,レベルX門松列,9689,5346,2,0,,2020-08-22
1189,4874,Sum is XOR,10198,3424,2.5,0,数え上げ,2020-08-22
1190,4671,Points,9778,3424,2.5,0,グラフ,2020-08-22
1191,4390,数え上げを愛したい（数列編）,7468,3424,2.5,0,数え上げ,2020-08-22
1192,4848,半部分列,10678,11824,3,0,貪欲法,2020-08-22
1193,4849,Penguin Sequence,11727,6058,3,0,,2020-08-22
1194,4900,Replace,11824,5346,3,0,,2020-08-22
1195,4683,数え上げを愛したい（文字列編）,7468,6058,4,0,数え上げ,2020-08-22
1196,5023,A lazy student,11915,5346,4,0,,2020-08-22
1197,4862,モンスターショー,5346,11824,4.5,0,HLD,2020-08-22
3000,204,enuemu暗号,25,0,1,3,文字対応,2014-12-25
3001,268,確率論ってこういうものですよね,8,0,4,1,算数,2014-12-25
3002,267,テストケース,8,0,4,3,ハッシュ,2014-12-25
3003,214,ところで,4,0,1,3,,2014-12-25
3004,266,愛国心,8,0,1,3,エスパー,2014-12-25
3005,274,天使のハッシュ関数,4,0,2,3,MD5,2014-12-25
3006,173,A winter wonderland,23,0,4,3,みかか変換,2014-12-25
3007,241,心の目で,4,0,4,3,塗りつぶし,2014-12-25
3008,235,某マヨネーズの網目柄,52,0,2,1,
3009,338,異なる数字の最大の範囲（勉強会用）,10,0,2,1,しゃくとり法
3010,512,Print inside /bin,77,0,1,3,Unix,2015-05-03
3011,230,品物の並び替え (Extra),77,0,3,1,"weighted_feedback_arc_set,焼きなまし,山登り",2015-05-03
3012,732,Catch C code,77,0,2,3,C++
3013,716,Trigger EPIPE,77,0,2,3,Unix
3014,804,多項式ハッシュに関する教育的な問題,2,0,5,1,"多項式ハッシュ,部分和問題,Short_vector,LLL_algorithm,埋め込み"
3015,652,アンチローリングハッシュ,123,0,2,1,"循環検出,誕生日攻撃,鳩ノ巣原理"
3016,1148,unordered_mapなるたけ落とすマン,648,0,2,1,unordered_map
3017,300,エスパー,241,0,1,3,
3018,1191,簡易版ページランク,1986,6366,3,1,実装演習
3019,1613,ディープ・ソート,3255,3130,1,3,,2017-03-31
3020,1607,サンシャイン◯崎,3255,3130,1,3,,2017-03-31
3021,1332,データベースの練習,123,0,1,1,"SQL,SQLite3",2017-03-31
3022,1606,縛りFizzBuzz (Easy),2281,0,1,3,実装,2017-03-31
3023,1566,素数判定するだけ,1373,0,2,3,"素数判定,eval",2017-03-31
3024,1147,等式,939,0,2.5,1,全探索,2017-03-31
3025,888,　,77,0,2,3,エスパー,2017-03-31
3026,1176,Third Power Problem,3280,0,2,3,ネタ,2017-03-31
3027,1409,114514,2313,0,3,3,,2017-03-31
3028,1620,Function Guessing,209,0,4,3,推測,2017-03-31
3029,1614,素因数,629,0,3,3,サブミットデバッグ,2017-03-31
3030,1967,ミラー・ラビン素数判定法のテスト,534,0,4,1,"素数判定,Miller-Rabin素数判定法"
3031,1220,（物理学）長距離相互作用,6366,1786,6,1,"物理学,エワルド和,フーリエ変換,マーデルング定数",2018-02-28
3032,2114,Unavailability of Inequality Signs ,1143,0,2,1,"実装,数学,発想,アドホック",2018-04-01
3033,2225,Test of Russian,2313,0,1,3,,2018-04-01
3034,2220,7 problems,5740,0,3,3,"数学,なぞなぞ,エスパー",2018-04-01
3035,2226,2018,2313,0,3,3,,2018-04-01
3036,2166,Restricted Lucas (Easy),77,0,2.5,3,実装,2018-04-01
3037,2167,Restricted Lucas (Hard),77,0,4,3,"実装,数学",2018-04-01
3038,1314,フィボナッチ数列の周期,939,0,4,1,"フィボナッチ数列,行列累乗",2018-04-01
3039,2227,April Fool Tekitou,2313,0,4.5,3,,2018-04-01
3040,2888,A + B Problem,1787,4906,1,3,エイプリルフール,2019-04-01
3041,2918,なんとかのはなうらない,3406,0,1,1,Grundy数,2019-04-01
3042,2849,本棚,2600,4089,1,1,ソート,2019-04-01
3043,2829,yukicoderへようこそ!,6002,11774,1,3,,2019-04-01
3044,2607,April Sum of Odd,4301,77,1.5,1,数列,2019-04-01
3045,2914,怪文書,7424,0,1.5,3,,2019-04-01
3046,2744,yukicoderの過去問,1373,0,2,1,SIMD,2019-04-01
3047,2922,Riddle of Cards,2314,5627,2,3,,2019-04-01
3048,2925,Order and Harmony,5740,0,3,1,,2019-04-01
3049,2891,Yes,4323,5627,3,2,"文字列,実装",2019-04-01
3050,2164,64Kiエーカーの森ゴルフ,2281,0,3,3,"構文解析,埋め込み",2019-04-01
3051,2675,cracked,1373,1373,3.5,3,"水平垂直パリティ符号,誤り訂正",2019-04-01
3052,2865,Squaring,629,0,4,1,埋め込み,2019-04-01
3053,2898,2.5 色で色塗り,2313,5232,4.5,1,"エイプリルフール,数え上げ,スターリング数,一般化",2019-04-01
3054,2908,ほぼ直角二等辺三角形,5047,5914,4.5,1,,2019-04-01
3055,2924,2019（注：異常な難易度です）,2314,0,5,3,,2019-04-01
3056,3892,量子コンピュータで素因数分解 Easy,3160,5232,4,1,"Shorのアルゴリズム,量子アルゴリズム,素因数分解"
3057,4121,A xor B = C,7663,6752,1,3,,2020-04-01
3058,4145,M + D Problem,1787,0,1,3,"エイプリルフール,エスパー",2020-04-01
3059,3508,tan,534,0,2,3,"コーナーケース,三角関数",2020-04-01
3060,3164,サンプルケース至上主義,7918,0,1,3,UTF-8,2020-04-01
3061,4070,uxs hxixtya pyuyn ixc hyixa kxuyn,9761,10198,2.5,3,,2020-04-01
3062,4073,A + B,9761,10198,1.5,3,,2020-04-01
3063,4103,幅優先探索,9761,0,1.5,3,,2020-04-01
3064,4065,う　し　た　ぷ　に　き　あ　く　ん　笑,7663,8315,1,3,エイプリルフール,2020-04-01
3065,4057,カプサイシン,5627,0,2.5,3,"クイズ,Powerpoint,n択",2020-04-01
3066,2648,エリスリトール,5627,4323,3,3,ゲーム,2020-04-01
3067,3894,ドーパミン,5627,4323,3.5,3,"計算量改善,QRコード,ペンシルパズル,古典暗号",2020-04-01
3068,3705,CTFっぽいの,1373,1373,2,3,"CTF,evil,yukicoder",2020-04-01
3069,2907,Torn Documents,6002,5740,3.5,3,,2020-04-01
3070,4162,ソラニン,5627,0,2,3,"検索,Google,悪問",2020-04-01
3071,4724,玉虫色着色,6366,10424,4,1,"二部グラフ,辺着色",2020-07-28
5001,1390,排他的論理和でランニング,10,0,0,2,排他的論理和,2018-03-16
5002,2174,stick xor,1373,0,2,2,"ソート,累積和,貪欲法",2018-05-25
5003,2525,物理好きクリッカー,4323,0,0,2,"マラソン,スコア,シミュレーション",2018-12-01
